id,Target_cls
0,5
1,12
2,1
3,5
4,17
5,5
6,15
7,17
8,7
9,15
10,2
11,16
12,22
13,17
14,13
15,22
16,2
17,11
18,19
19,4
20,2
21,16
22,17
23,15
24,23
25,26
26,14
27,17
28,7
29,6
30,2
31,10
32,18
33,9
34,24
35,25
36,21
37,9
38,4
39,24
40,12
41,13
42,5
43,21
44,23
45,6
46,8
47,24
48,1
49,23
50,17
51,13
52,20
53,7
54,18
55,5
56,24
57,4
58,4
59,10
60,15
61,21
62,7
63,7
64,20
65,5
66,14
67,17
68,9
69,18
70,8
71,20
72,18
73,21
74,1
75,12
76,23
77,7
78,16
79,24
80,19
81,7
82,20
83,19
84,15
85,7
86,15
87,21
88,5
89,10
90,22
91,19
92,12
93,14
94,7
95,15
96,19
97,24
98,11
99,21
100,12
101,4
102,21
103,4
104,25
105,20
106,5
107,16
108,2
109,10
110,16
111,24
112,7
113,26
114,10
115,2
116,19
117,21
118,24
119,20
120,8
121,7
122,22
123,13
124,24
125,19
126,20
127,19
128,23
129,20
130,2
131,4
132,3
133,6
134,16
135,17
136,5
137,8
138,21
139,1
140,23
141,10
142,20
143,11
144,26
145,19
146,7
147,15
148,14
149,25
150,12
151,3
152,10
153,24
154,23
155,6
156,19
157,9
158,1
159,12
160,20
161,6
162,19
163,2
164,21
165,5
166,24
167,3
168,1
169,15
170,5
171,14
172,3
173,1
174,24
175,22
176,26
177,20
178,3
179,25
180,21
181,19
182,10
183,25
184,14
185,6
186,19
187,19
188,14
189,17
190,7
191,24
192,17
193,5
194,9
195,2
196,1
197,5
198,12
199,9
200,19
201,15
202,1
203,2
204,13
205,22
206,20
207,5
208,21
209,10
210,21
211,18
212,10
213,16
214,3
215,13
216,21
217,17
218,9
219,13
220,10
221,21
222,12
223,22
224,10
225,12
226,20
227,11
228,23
229,9
230,17
231,16
232,1
233,25
234,2
235,24
236,21
237,18
238,3
239,10
240,21
241,17
242,21
243,3
244,22
245,10
246,3
247,9
248,3
249,21
250,1
251,21
252,1
253,14
254,12
255,24
256,22
257,21
258,20
259,6
260,8
261,22
262,18
263,16
264,18
265,2
266,6
267,9
268,9
269,26
270,18
271,20
272,18
273,19
274,2
275,16
276,10
277,7
278,24
279,20
280,1
281,25
282,19
283,22
284,5
285,17
286,8
287,19
288,8
289,5
290,19
291,23
292,18
293,7
294,14
295,2
296,26
297,16
298,16
299,25
300,12
301,14
302,15
303,25
304,21
305,19
306,7
307,2
308,3
309,4
310,18
311,6
312,12
313,21
314,4
315,11
316,23
317,6
318,23
319,2
320,15
321,20
322,16
323,5
324,8
325,2
326,16
327,6
328,19
329,14
330,25
331,3
332,24
333,11
334,18
335,23
336,21
337,8
338,10
339,23
340,15
341,12
342,3
343,14
344,25
345,19
346,25
347,10
348,9
349,16
350,15
351,1
352,26
353,4
354,21
355,5
356,21
357,8
358,8
359,7
360,17
361,25
362,16
363,16
364,6
365,10
366,25
367,5
368,9
369,2
370,15
371,21
372,14
373,24
374,23
375,15
376,25
377,3
378,13
379,20
380,11
381,6
382,2
383,12
384,7
385,21
386,25
387,19
388,1
389,5
390,16
391,15
392,2
393,6
394,6
395,26
396,9
397,10
398,22
399,11
400,26
401,16
402,23
403,3
404,7
405,3
406,9
407,4
408,15
409,20
410,7
411,6
412,17
413,16
414,12
415,26
416,2
417,7
418,20
419,13
420,24
421,2
422,18
423,22
424,6
425,18
426,13
427,2
428,23
429,18
430,9
431,12
432,21
433,26
434,3
435,16
436,19
437,9
438,14
439,5
440,23
441,12
442,18
443,7
444,5
445,9
446,8
447,4
448,3
449,4
450,12
451,5
452,12
453,15
454,14
455,7
456,2
457,7
458,10
459,1
460,25
461,19
462,6
463,23
464,22
465,17
466,4
467,18
468,13
469,16
470,10
471,11
472,4
473,13
474,2
475,7
476,21
477,2
478,23
479,15
480,8
481,5
482,23
483,18
484,7
485,10
486,26
487,26
488,21
489,22
490,13
491,13
492,25
493,4
494,8
495,5
496,8
497,19
498,9
499,8
500,22
501,14
502,18
503,3
504,17
505,17
506,8
507,4
508,20
509,17
510,4
511,8
512,7
513,18
514,13
515,22
516,21
517,4
518,21
519,23
520,1
521,15
522,7
523,26
524,25
525,1
526,2
527,10
528,20
529,2
530,25
531,19
532,15
533,18
534,15
535,22
536,21
537,6
538,6
539,7
540,22
541,2
542,25
543,18
544,11
545,11
546,21
547,16
548,21
549,17
550,7
551,11
552,15
553,25
554,7
555,8
556,3
557,8
558,12
559,1
560,16
561,5
562,25
563,5
564,11
565,9
566,2
567,25
568,4
569,16
570,4
571,13
572,17
573,14
574,14
575,2
576,17
577,15
578,6
579,1
580,26
581,7
582,14
583,15
584,2
585,4
586,13
587,26
588,4
589,2
590,9
591,2
592,19
593,20
594,12
595,7
596,22
597,7
598,14
599,24
600,7
601,15
602,3
603,6
604,11
605,5
606,2
607,25
608,20
609,5
610,13
611,9
612,18
613,25
614,14
615,12
616,10
617,15
618,12
619,26
620,20
621,22
622,4
623,7
624,14
625,19
626,3
627,22
628,2
629,18
630,20
631,20
632,9
633,23
634,3
635,6
636,23
637,23
638,13
639,20
640,9
641,21
642,20
643,23
644,10
645,1
646,16
647,17
648,7
649,26
650,20
651,6
652,26
653,1
654,3
655,24
656,1
657,25
658,25
659,22
660,17
661,17
662,3
663,7
664,4
665,10
666,1
667,23
668,13
669,11
670,16
671,21
672,25
673,2
674,2
675,25
676,20
677,15
678,12
679,6
680,10
681,13
682,12
683,8
684,5
685,9
686,12
687,2
688,16
689,16
690,11
691,20
692,11
693,11
694,24
695,3
696,20
697,25
698,24
699,5
700,13
701,18
702,12
703,18
704,2
705,2
706,1
707,18
708,1
709,17
710,16
711,19
712,12
713,18
714,22
715,20
716,25
717,10
718,22
719,11
720,16
721,17
722,17
723,15
724,22
725,19
726,4
727,17
728,12
729,25
730,9
731,15
732,1
733,10
734,25
735,4
736,18
737,11
738,22
739,2
740,1
741,16
742,17
743,18
744,11
745,11
746,23
747,24
748,22
749,22
750,20
751,26
752,26
753,22
754,11
755,5
756,21
757,26
758,25
759,11
760,3
761,23
762,19
763,1
764,13
765,22
766,5
767,20
768,4
769,16
770,25
771,25
772,6
773,10
774,10
775,1
776,6
777,17
778,9
779,21
780,15
781,12
782,10
783,19
784,2
785,2
786,7
787,2
788,18
789,20
790,13
791,19
792,21
793,24
794,21
795,13
796,13
797,13
798,20
799,8
800,21
801,2
802,14
803,25
804,1
805,10
806,25
807,16
808,5
809,11
810,10
811,8
812,18
813,21
814,1
815,19
816,16
817,19
818,9
819,23
820,5
821,15
822,25
823,17
824,6
825,22
826,6
827,2
828,22
829,10
830,15
831,20
832,14
833,7
834,4
835,23
836,3
837,17
838,24
839,23
840,10
841,25
842,22
843,6
844,14
845,3
846,10
847,24
848,18
849,24
850,3
851,19
852,20
853,16
854,17
855,12
856,4
857,7
858,20
859,22
860,10
861,6
862,22
863,17
864,22
865,17
866,24
867,22
868,21
869,16
870,25
871,12
872,3
873,17
874,17
875,1
876,1
877,7
878,12
879,16
880,7
881,21
882,5
883,13
884,12
885,24
886,13
887,10
888,4
889,7
890,25
891,2
892,12
893,3
894,15
895,24
896,23
897,22
898,23
899,15
900,17
901,6
902,3
903,13
904,11
905,5
906,16
907,8
908,6
909,14
910,18
911,23
912,26
913,22
914,4
915,4
916,24
917,12
918,24
919,9
920,20
921,3
922,13
923,19
924,18
925,16
926,15
927,1
928,19
929,22
930,16
931,26
932,10
933,19
934,7
935,21
936,11
937,6
938,19
939,19
940,18
941,4
942,21
943,13
944,4
945,10
946,16
947,10
948,26
949,26
950,6
951,9
952,10
953,20
954,13
955,21
956,24
957,4
958,20
959,16
960,17
961,4
962,7
963,19
964,19
965,13
966,16
967,7
968,24
969,7
970,18
971,21
972,23
973,12
974,5
975,4
976,11
977,9
978,2
979,9
980,22
981,2
982,5
983,17
984,13
985,19
986,20
987,5
988,24
989,24
990,4
991,3
992,6
993,6
994,19
995,7
996,9
997,8
998,23
999,13
1000,20
1001,18
1002,2
1003,11
1004,1
1005,25
1006,14
1007,5
1008,25
1009,19
1010,22
1011,25
1012,3
1013,16
1014,26
1015,21
1016,4
1017,23
1018,21
1019,16
1020,24
1021,3
1022,14
1023,1
1024,16
1025,4
1026,12
1027,1
1028,25
1029,5
1030,23
1031,13
1032,25
1033,24
1034,4
1035,8
1036,11
1037,4
1038,26
1039,2
1040,21
1041,1
1042,17
1043,5
1044,14
1045,6
1046,9
1047,20
1048,24
1049,21
1050,26
1051,12
1052,24
1053,20
1054,19
1055,2
1056,13
1057,6
1058,17
1059,15
1060,6
1061,22
1062,9
1063,17
1064,8
1065,24
1066,8
1067,13
1068,14
1069,18
1070,5
1071,7
1072,15
1073,21
1074,13
1075,21
1076,8
1077,14
1078,3
1079,22
1080,6
1081,13
1082,18
1083,22
1084,21
1085,9
1086,4
1087,1
1088,13
1089,5
1090,20
1091,13
1092,1
1093,10
1094,19
1095,18
1096,12
1097,12
1098,19
1099,6
1100,16
1101,25
1102,3
1103,21
1104,3
1105,3
1106,25
1107,9
1108,21
1109,11
1110,17
1111,2
1112,12
1113,4
1114,19
1115,12
1116,17
1117,10
1118,13
1119,2
1120,13
1121,8
1122,5
1123,16
1124,1
1125,24
1126,20
1127,3
1128,19
1129,14
1130,22
1131,15
1132,19
1133,23
1134,6
1135,7
1136,19
1137,12
1138,18
1139,1
1140,4
1141,22
1142,26
1143,23
1144,18
1145,11
1146,12
1147,1
1148,22
1149,16
1150,11
1151,25
1152,13
1153,8
1154,25
1155,15
1156,25
1157,22
1158,22
1159,9
1160,23
1161,4
1162,6
1163,24
1164,24
1165,13
1166,22
1167,17
1168,18
1169,4
1170,5
1171,23
1172,22
1173,8
1174,10
1175,21
1176,24
1177,12
1178,22
1179,8
1180,23
1181,19
1182,25
1183,21
1184,14
1185,5
1186,16
1187,13
1188,25
1189,2
1190,26
1191,1
1192,14
1193,19
1194,25
1195,9
1196,24
1197,11
1198,14
1199,17
1200,5
1201,7
1202,14
1203,5
1204,14
1205,12
1206,24
1207,1
1208,24
1209,18
1210,15
1211,26
1212,15
1213,18
1214,22
1215,13
1216,6
1217,7
1218,15
1219,24
1220,2
1221,19
1222,15
1223,24
1224,1
1225,2
1226,11
1227,19
1228,25
1229,20
1230,3
1231,26
1232,7
1233,16
1234,3
1235,6
1236,8
1237,17
1238,23
1239,15
1240,17
1241,6
1242,14
1243,6
1244,11
1245,25
1246,2
1247,13
1248,19
1249,17
1250,18
1251,8
1252,18
1253,18
1254,14
1255,14
1256,11
1257,16
1258,4
1259,20
1260,16
1261,11
1262,8
1263,19
1264,8
1265,4
1266,21
1267,26
1268,26
1269,22
1270,20
1271,23
1272,4
1273,21
1274,1
1275,25
1276,7
1277,9
1278,13
1279,21
1280,22
1281,14
1282,16
1283,9
1284,20
1285,16
1286,18
1287,18
1288,12
1289,15
1290,1
1291,25
1292,20
1293,22
1294,21
1295,13
1296,24
1297,23
1298,19
1299,20
1300,17
1301,13
1302,13
1303,21
1304,21
1305,23
1306,3
1307,16
1308,23
1309,20
1310,1
1311,22
1312,7
1313,22
1314,10
1315,14
1316,26
1317,13
1318,7
1319,19
1320,15
1321,8
1322,15
1323,20
1324,17
1325,15
1326,6
1327,7
1328,5
1329,4
1330,1
1331,18
1332,8
1333,1
1334,20
1335,8
1336,11
1337,25
1338,3
1339,19
1340,6
1341,26
1342,22
1343,19
1344,26
1345,15
1346,3
1347,22
1348,24
1349,16
1350,25
1351,24
1352,23
1353,6
1354,7
1355,15
1356,17
1357,9
1358,25
1359,8
1360,22
1361,24
1362,8
1363,16
1364,24
1365,8
1366,6
1367,20
1368,17
1369,5
1370,20
1371,17
1372,7
1373,22
1374,26
1375,8
1376,10
1377,14
1378,11
1379,17
1380,18
1381,11
1382,4
1383,12
1384,9
1385,2
1386,22
1387,3
1388,16
1389,6
1390,21
1391,5
1392,20
1393,26
1394,16
1395,19
1396,18
1397,9
1398,16
1399,12
1400,6
1401,1
1402,16
1403,10
1404,9
1405,8
1406,19
1407,22
1408,2
1409,3
1410,23
1411,16
1412,4
1413,16
1414,4
1415,13
1416,25
1417,25
1418,26
1419,2
1420,1
1421,1
1422,5
1423,20
1424,6
1425,15
1426,12
1427,9
1428,25
1429,12
1430,17
1431,26
1432,4
1433,10
1434,12
1435,21
1436,11
1437,13
1438,2
1439,26
1440,18
1441,25
1442,8
1443,10
1444,20
1445,6
1446,6
1447,25
1448,20
1449,26
1450,22
1451,9
1452,22
1453,4
1454,13
1455,19
1456,21
1457,2
1458,25
1459,19
1460,20
1461,25
1462,20
1463,23
1464,9
1465,20
1466,2
1467,26
1468,25
1469,13
1470,6
1471,10
1472,4
1473,19
1474,21
1475,20
1476,14
1477,3
1478,26
1479,11
1480,12
1481,26
1482,8
1483,1
1484,22
1485,3
1486,21
1487,3
1488,12
1489,5
1490,14
1491,20
1492,16
1493,21
1494,1
1495,17
1496,14
1497,9
1498,8
1499,4
1500,19
1501,21
1502,6
1503,4
1504,10
1505,15
1506,3
1507,8
1508,24
1509,21
1510,5
1511,7
1512,23
1513,15
1514,1
1515,4
1516,5
1517,6
1518,5
1519,7
1520,12
1521,16
1522,16
1523,20
1524,20
1525,12
1526,3
1527,17
1528,6
1529,9
1530,3
1531,18
1532,25
1533,20
1534,12
1535,12
1536,13
1537,5
1538,23
1539,19
1540,5
1541,18
1542,11
1543,25
1544,10
1545,14
1546,10
1547,18
1548,8
1549,7
1550,16
1551,20
1552,17
1553,26
1554,20
1555,2
1556,6
1557,13
1558,17
1559,19
1560,21
1561,17
1562,5
1563,20
1564,21
1565,3
1566,7
1567,16
1568,1
1569,24
1570,1
1571,18
1572,14
1573,12
1574,4
1575,9
1576,18
1577,18
1578,6
1579,15
1580,6
1581,10
1582,2
1583,17
1584,13
1585,4
1586,24
1587,24
1588,17
1589,10
1590,22
1591,7
1592,2
1593,8
1594,22
1595,23
1596,4
1597,26
1598,17
1599,2
1600,23
1601,22
1602,25
1603,5
1604,12
1605,15
1606,16
1607,6
1608,7
1609,13
1610,4
1611,1
1612,25
1613,24
1614,21
1615,17
1616,8
1617,26
1618,2
1619,18
1620,1
1621,10
1622,8
1623,13
1624,19
1625,23
1626,26
1627,11
1628,20
1629,17
1630,18
1631,18
1632,6
1633,9
1634,19
1635,24
1636,23
1637,11
1638,9
1639,12
1640,14
1641,17
1642,2
1643,10
1644,19
1645,18
1646,5
1647,25
1648,25
1649,8
1650,2
1651,1
1652,16
1653,19
1654,7
1655,10
1656,1
1657,24
1658,25
1659,5
1660,22
1661,2
1662,4
1663,18
1664,15
1665,10
1666,19
1667,16
1668,17
1669,26
1670,2
1671,20
1672,25
1673,12
1674,25
1675,2
1676,13
1677,1
1678,2
1679,6
1680,2
1681,23
1682,7
1683,3
1684,8
1685,6
1686,13
1687,25
1688,18
1689,16
1690,10
1691,22
1692,10
1693,8
1694,10
1695,20
1696,7
1697,12
1698,8
1699,1
1700,24
1701,9
1702,9
1703,8
1704,4
1705,3
1706,12
1707,9
1708,15
1709,1
1710,25
1711,8
1712,14
1713,25
1714,9
1715,14
1716,22
1717,11
1718,6
1719,24
1720,24
1721,2
1722,5
1723,4
1724,21
1725,4
1726,10
1727,8
1728,4
1729,4
1730,9
1731,26
1732,18
1733,20
1734,18
1735,11
1736,5
1737,12
1738,12
1739,20
1740,14
1741,4
1742,18
1743,7
1744,12
1745,19
1746,18
1747,11
1748,5
1749,16
1750,2
1751,4
1752,25
1753,11
1754,5
1755,16
1756,4
1757,22
1758,7
1759,8
1760,22
1761,24
1762,20
1763,21
1764,11
1765,10
1766,11
1767,14
1768,15
1769,9
1770,24
1771,23
1772,16
1773,13
1774,5
1775,21
1776,7
1777,16
1778,7
1779,16
1780,3
1781,14
1782,2
1783,20
1784,8
1785,10
1786,19
1787,13
1788,3
1789,10
1790,19
1791,9
1792,13
1793,13
1794,5
1795,22
1796,2
1797,18
1798,3
1799,15
1800,7
1801,24
1802,20
1803,13
1804,16
1805,23
1806,22
1807,3
1808,17
1809,3
1810,12
1811,13
1812,13
1813,19
1814,5
1815,22
1816,6
1817,12
1818,18
1819,24
1820,9
1821,19
1822,17
1823,12
1824,12
1825,20
1826,17
1827,17
1828,5
1829,15
1830,20
1831,14
1832,10
1833,5
1834,6
1835,2
1836,11
1837,11
1838,2
1839,24
1840,21
1841,16
1842,17
1843,26
1844,24
1845,17
1846,7
1847,9
1848,11
1849,11
1850,21
1851,6
1852,26
1853,26
1854,23
1855,7
1856,20
1857,6
1858,26
1859,19
1860,10
1861,3
1862,3
1863,26
1864,14
1865,16
1866,11
1867,13
1868,11
1869,19
1870,12
1871,1
1872,8
1873,19
1874,12
1875,22
1876,9
1877,9
1878,6
1879,13
1880,11
1881,21
1882,14
1883,14
1884,18
1885,24
1886,21
1887,12
1888,14
1889,21
1890,15
1891,16
1892,4
1893,26
1894,4
1895,20
1896,10
1897,3
1898,12
1899,4
1900,19
1901,14
1902,16
1903,6
1904,3
1905,18
1906,14
1907,1
1908,26
1909,12
1910,18
1911,26
1912,16
1913,8
1914,9
1915,3
1916,19
1917,22
1918,19
1919,21
1920,23
1921,5
1922,24
1923,20
1924,22
1925,18
1926,5
1927,13
1928,22
1929,14
1930,11
1931,7
1932,11
1933,5
1934,21
1935,17
1936,6
1937,21
1938,16
1939,12
1940,18
1941,17
1942,11
1943,26
1944,3
1945,9
1946,8
1947,17
1948,1
1949,26
1950,21
1951,16
1952,16
1953,23
1954,20
1955,20
1956,25
1957,18
1958,3
1959,24
1960,24
1961,22
1962,6
1963,11
1964,23
1965,13
1966,10
1967,3
1968,26
1969,13
1970,19
1971,20
1972,14
1973,4
1974,21
1975,8
1976,24
1977,19
1978,14
1979,1
1980,9
1981,10
1982,12
1983,26
1984,1
1985,1
1986,12
1987,8
1988,1
1989,22
1990,13
1991,19
1992,23
1993,9
1994,24
1995,12
1996,25
1997,11
1998,1
1999,1
2000,7
2001,8
2002,14
2003,9
2004,9
2005,21
2006,25
2007,16
2008,16
2009,4
2010,7
2011,25
2012,22
2013,6
2014,22
2015,4
2016,13
2017,23
2018,22
2019,15
2020,7
2021,22
2022,22
2023,24
2024,15
2025,22
2026,8
2027,18
2028,10
2029,4
2030,7
2031,14
2032,11
2033,10
2034,19
2035,10
2036,26
2037,7
2038,25
2039,1
2040,6
2041,18
2042,9
2043,19
2044,12
2045,10
2046,4
2047,11
2048,15
2049,7
2050,13
2051,6
2052,19
2053,14
2054,20
2055,12
2056,6
2057,18
2058,15
2059,25
2060,7
2061,15
2062,3
2063,18
2064,3
2065,26
2066,23
2067,24
2068,14
2069,17
2070,10
2071,10
2072,1
2073,15
2074,6
2075,3
2076,16
2077,24
2078,7
2079,3
2080,16
2081,25
2082,11
2083,2
2084,23
2085,15
2086,20
2087,11
2088,23
2089,9
2090,8
2091,21
2092,25
2093,11
2094,2
2095,25
2096,23
2097,16
2098,9
2099,10
2100,15
2101,13
2102,9
2103,14
2104,21
2105,12
2106,18
2107,2
2108,16
2109,24
2110,23
2111,16
2112,16
2113,8
2114,5
2115,3
2116,25
2117,20
2118,19
2119,26
2120,26
2121,23
2122,14
2123,1
2124,22
2125,18
2126,18
2127,7
2128,18
2129,13
2130,19
2131,18
2132,21
2133,20
2134,11
2135,13
2136,8
2137,19
2138,24
2139,26
2140,20
2141,21
2142,14
2143,22
2144,18
2145,18
2146,15
2147,9
2148,18
2149,13
2150,14
2151,5
2152,13
2153,24
2154,6
2155,18
2156,25
2157,15
2158,22
2159,19
2160,24
2161,12
2162,4
2163,9
2164,12
2165,21
2166,25
2167,8
2168,2
2169,5
2170,13
2171,25
2172,23
2173,19
2174,23
2175,1
2176,14
2177,23
2178,13
2179,2
2180,16
2181,23
2182,12
2183,3
2184,9
2185,8
2186,10
2187,24
2188,6
2189,7
2190,3
2191,21
2192,18
2193,8
2194,3
2195,24
2196,21
2197,24
2198,2
2199,23
2200,5
2201,21
2202,4
2203,1
2204,26
2205,16
2206,21
2207,14
2208,2
2209,10
2210,9
2211,6
2212,1
2213,4
2214,16
2215,5
2216,24
2217,2
2218,10
2219,10
2220,14
2221,8
2222,23
2223,22
2224,10
2225,15
2226,23
2227,19
2228,2
2229,22
2230,18
2231,21
2232,8
2233,6
2234,26
2235,24
2236,25
2237,24
2238,16
2239,16
2240,24
2241,15
2242,13
2243,9
2244,7
2245,11
2246,13
2247,21
2248,26
2249,7
2250,1
2251,1
2252,21
2253,13
2254,13
2255,14
2256,7
2257,5
2258,21
2259,4
2260,21
2261,19
2262,23
2263,3
2264,24
2265,14
2266,12
2267,4
2268,10
2269,5
2270,20
2271,23
2272,9
2273,20
2274,14
2275,19
2276,25
2277,6
2278,3
2279,9
2280,8
2281,7
2282,11
2283,17
2284,14
2285,7
2286,17
2287,24
2288,11
2289,22
2290,16
2291,15
2292,8
2293,22
2294,16
2295,1
2296,9
2297,18
2298,26
2299,24
2300,6
2301,17
2302,11
2303,2
2304,22
2305,5
2306,24
2307,22
2308,22
2309,12
2310,2
2311,7
2312,17
2313,23
2314,8
2315,13
2316,25
2317,21
2318,14
2319,18
2320,25
2321,1
2322,15
2323,11
2324,19
2325,14
2326,21
2327,7
2328,20
2329,4
2330,2
2331,1
2332,23
2333,21
2334,10
2335,24
2336,14
2337,16
2338,25
2339,1
2340,17
2341,8
2342,6
2343,17
2344,17
2345,21
2346,24
2347,9
2348,9
2349,9
2350,18
2351,15
2352,18
2353,5
2354,19
2355,11
2356,3
2357,21
2358,15
2359,8
2360,26
2361,21
2362,14
2363,25
2364,9
2365,13
2366,13
2367,25
2368,15
2369,24
2370,7
2371,5
2372,22
2373,7
2374,25
2375,7
2376,26
2377,13
2378,18
2379,13
2380,20
2381,12
2382,13
2383,17
2384,21
2385,18
2386,15
2387,21
2388,13
2389,21
2390,5
2391,24
2392,26
2393,4
2394,5
2395,17
2396,24
2397,5
2398,23
2399,26
2400,4
2401,11
2402,14
2403,11
2404,19
2405,21
2406,22
2407,26
2408,18
2409,1
2410,22
2411,9
2412,24
2413,17
2414,5
2415,16
2416,16
2417,8
2418,9
2419,4
2420,1
2421,24
2422,11
2423,18
2424,11
2425,3
2426,21
2427,16
2428,21
2429,14
2430,17
2431,7
2432,22
2433,16
2434,1
2435,20
2436,5
2437,17
2438,10
2439,25
2440,11
2441,13
2442,14
2443,16
2444,1
2445,20
2446,10
2447,11
2448,20
2449,16
2450,11
2451,25
2452,6
2453,26
2454,10
2455,10
2456,8
2457,7
2458,8
2459,12
2460,14
2461,17
2462,1
2463,20
2464,1
2465,21
2466,19
2467,24
2468,11
2469,9
2470,17
2471,3
2472,21
2473,15
2474,2
2475,7
2476,5
2477,21
2478,2
2479,8
2480,2
2481,24
2482,13
2483,13
2484,5
2485,25
2486,15
2487,21
2488,13
2489,13
2490,18
2491,18
2492,9
2493,8
2494,3
2495,5
2496,25
2497,15
2498,13
2499,26
2500,1
2501,4
2502,18
2503,18
2504,26
2505,23
2506,19
2507,15
2508,18
2509,19
2510,21
2511,7
2512,1
2513,22
2514,18
2515,18
2516,23
2517,13
2518,25
2519,3
2520,25
2521,26
2522,18
2523,10
2524,20
2525,21
2526,25
2527,16
2528,3
2529,20
2530,15
2531,26
2532,1
2533,8
2534,3
2535,10
2536,23
2537,1
2538,4
2539,7
2540,12
2541,19
2542,2
2543,20
2544,15
2545,21
2546,9
2547,4
2548,25
2549,19
2550,24
2551,12
2552,14
2553,7
2554,26
2555,12
2556,3
2557,4
2558,6
2559,10
2560,12
2561,4
2562,2
2563,16
2564,4
2565,7
2566,7
2567,1
2568,17
2569,11
2570,15
2571,25
2572,7
2573,12
2574,2
2575,14
2576,4
2577,4
2578,14
2579,3
2580,17
2581,4
2582,18
2583,11
2584,15
2585,9
2586,17
2587,16
2588,7
2589,25
2590,6
2591,5
2592,13
2593,20
2594,3
2595,20
2596,15
2597,25
2598,15
2599,9
2600,22
2601,24
2602,26
2603,10
2604,12
2605,21
2606,14
2607,18
2608,3
2609,19
2610,6
2611,22
2612,18
2613,6
2614,26
2615,1
2616,2
2617,3
2618,18
2619,23
2620,24
2621,23
2622,5
2623,12
2624,14
2625,13
2626,25
2627,11
2628,2
2629,25
2630,17
2631,9
2632,16
2633,25
2634,23
2635,16
2636,4
2637,4
2638,9
2639,1
2640,20
2641,15
2642,14
2643,12
2644,21
2645,4
2646,9
2647,16
2648,13
2649,13
2650,1
2651,16
2652,18
2653,22
2654,12
2655,14
2656,15
2657,22
2658,12
2659,10
2660,21
2661,24
2662,16
2663,12
2664,8
2665,15
2666,10
2667,25
2668,15
2669,13
2670,11
2671,15
2672,17
2673,11
2674,26
2675,20
2676,8
2677,10
2678,6
2679,12
2680,10
2681,14
2682,3
2683,16
2684,4
2685,22
2686,14
2687,24
2688,4
2689,11
2690,15
2691,13
2692,3
2693,19
2694,12
2695,10
2696,8
2697,3
2698,26
2699,3
2700,5
2701,25
2702,14
2703,26
2704,10
2705,2
2706,21
2707,8
2708,14
2709,23
2710,13
2711,23
2712,8
2713,15
2714,23
2715,12
2716,1
2717,23
2718,3
2719,13
2720,16
2721,16
2722,1
2723,8
2724,25
2725,12
2726,21
2727,10
2728,22
2729,7
2730,9
2731,13
2732,2
2733,15
2734,4
2735,15
2736,15
2737,2
2738,10
2739,5
2740,5
2741,2
2742,16
2743,11
2744,5
2745,24
2746,8
2747,26
2748,7
2749,8
2750,20
2751,8
2752,9
2753,20
2754,16
2755,2
2756,24
2757,24
2758,23
2759,9
2760,9
2761,14
2762,4
2763,15
2764,16
2765,9
2766,2
2767,8
2768,10
2769,13
2770,18
2771,15
2772,6
2773,8
2774,22
2775,7
2776,2
2777,26
2778,18
2779,16
2780,10
2781,9
2782,1
2783,4
2784,21
2785,10
2786,22
2787,5
2788,11
2789,15
2790,14
2791,26
2792,17
2793,6
2794,10
2795,8
2796,2
2797,16
2798,13
2799,6
2800,2
2801,2
2802,17
2803,21
2804,21
2805,26
2806,4
2807,25
2808,9
2809,21
2810,7
2811,2
2812,10
2813,9
2814,23
2815,13
2816,9
2817,18
2818,21
2819,2
2820,17
2821,10
2822,3
2823,2
2824,7
2825,6
2826,1
2827,23
2828,21
2829,16
2830,23
2831,21
2832,18
2833,24
2834,14
2835,10
2836,8
2837,3
2838,2
2839,2
2840,15
2841,11
2842,22
2843,8
2844,4
2845,9
2846,14
2847,5
2848,18
2849,7
2850,24
2851,13
2852,3
2853,11
2854,12
2855,11
2856,22
2857,21
2858,15
2859,24
2860,22
2861,19
2862,17
2863,14
2864,18
2865,23
2866,22
2867,16
2868,7
2869,10
2870,19
2871,16
2872,3
2873,12
2874,2
2875,4
2876,10
2877,2
2878,25
2879,12
2880,11
2881,15
2882,25
2883,3
2884,21
2885,12
2886,17
2887,11
2888,19
2889,24
2890,24
2891,7
2892,12
2893,19
2894,19
2895,19
2896,9
2897,18
2898,12
2899,23
2900,14
2901,13
2902,8
2903,15
2904,17
2905,24
2906,25
2907,20
2908,15
2909,5
2910,11
2911,2
2912,10
2913,25
2914,26
2915,15
2916,26
2917,10
2918,11
2919,15
2920,25
2921,26
2922,26
2923,14
2924,25
2925,26
2926,7
2927,14
2928,12
2929,23
2930,13
2931,2
2932,19
2933,24
2934,16
2935,19
2936,1
2937,7
2938,10
2939,10
2940,2
2941,7
2942,14
2943,8
2944,15
2945,22
2946,14
2947,26
2948,24
2949,16
2950,18
2951,8
2952,20
2953,26
2954,11
2955,24
2956,11
2957,20
2958,26
2959,23
2960,17
2961,22
2962,11
2963,24
2964,7
2965,24
2966,14
2967,23
2968,18
2969,8
2970,3
2971,5
2972,23
2973,1
2974,10
2975,24
2976,10
2977,17
2978,25
2979,17
2980,23
2981,7
2982,19
2983,10
2984,18
2985,8
2986,5
2987,23
2988,25
2989,17
2990,19
2991,5
2992,18
2993,7
2994,12
2995,23
2996,5
2997,20
2998,6
2999,20
3000,10
3001,1
3002,21
3003,7
3004,18
3005,6
3006,9
3007,7
3008,14
3009,17
3010,11
3011,3
3012,4
3013,19
3014,21
3015,1
3016,14
3017,2
3018,20
3019,23
3020,25
3021,6
3022,4
3023,9
3024,5
3025,19
3026,22
3027,16
3028,2
3029,6
3030,3
3031,16
3032,26
3033,13
3034,6
3035,7
3036,25
3037,13
3038,24
3039,23
3040,7
3041,24
3042,19
3043,13
3044,26
3045,6
3046,20
3047,3
3048,13
3049,17
3050,20
3051,2
3052,4
3053,21
3054,7
3055,22
3056,21
3057,5
3058,10
3059,17
3060,23
3061,11
3062,7
3063,5
3064,26
3065,17
3066,8
3067,26
3068,12
3069,3
3070,21
3071,26
3072,11
3073,9
3074,12
3075,21
3076,14
3077,4
3078,4
3079,8
3080,1
3081,23
3082,10
3083,16
3084,18
3085,12
3086,3
3087,6
3088,7
3089,14
3090,7
3091,4
3092,17
3093,6
3094,8
3095,19
3096,8
3097,24
3098,16
3099,4
3100,6
3101,6
3102,8
3103,19
3104,11
3105,15
3106,26
3107,1
3108,9
3109,16
3110,13
3111,16
3112,8
3113,21
3114,22
3115,24
3116,22
3117,19
3118,4
3119,6
3120,9
3121,20
3122,17
3123,12
3124,16
3125,15
3126,23
3127,21
3128,12
3129,15
3130,26
3131,19
3132,1
3133,18
3134,5
3135,10
3136,23
3137,18
3138,17
3139,4
3140,20
3141,7
3142,8
3143,13
3144,19
3145,2
3146,8
3147,22
3148,21
3149,20
3150,21
3151,16
3152,14
3153,9
3154,6
3155,9
3156,11
3157,7
3158,12
3159,21
3160,11
3161,22
3162,3
3163,24
3164,8
3165,5
3166,8
3167,5
3168,8
3169,13
3170,19
3171,26
3172,25
3173,7
3174,20
3175,1
3176,1
3177,20
3178,9
3179,15
3180,22
3181,26
3182,10
3183,3
3184,6
3185,25
3186,25
3187,1
3188,6
3189,10
3190,14
3191,8
3192,14
3193,12
3194,22
3195,16
3196,4
3197,19
3198,15
3199,1
3200,25
3201,22
3202,24
3203,22
3204,5
3205,12
3206,21
3207,16
3208,6
3209,23
3210,4
3211,15
3212,16
3213,25
3214,8
3215,15
3216,25
3217,16
3218,23
3219,23
3220,14
3221,12
3222,8
3223,25
3224,21
3225,24
3226,25
3227,5
3228,6
3229,19
3230,4
3231,19
3232,12
3233,19
3234,9
3235,7
3236,11
3237,24
3238,14
3239,1
3240,1
3241,2
3242,17
3243,9
3244,18
3245,4
3246,19
3247,25
3248,2
3249,26
3250,20
3251,14
3252,18
3253,18
3254,21
3255,20
3256,4
3257,24
3258,16
3259,18
3260,19
3261,16
3262,23
3263,19
3264,3
3265,26
3266,5
3267,2
3268,25
3269,17
3270,10
3271,23
3272,21
3273,6
3274,18
3275,7
3276,12
3277,19
3278,6
3279,21
3280,1
3281,3
3282,3
3283,8
3284,1
3285,9
3286,6
3287,17
3288,4
3289,12
3290,15
3291,22
3292,24
3293,7
3294,1
3295,25
3296,17
3297,5
3298,5
3299,22
3300,1
3301,17
3302,18
3303,16
3304,15
3305,11
3306,8
3307,12
3308,21
3309,15
3310,24
3311,3
3312,12
3313,21
3314,3
3315,9
3316,10
3317,18
3318,11
3319,13
3320,4
3321,24
3322,22
3323,24
3324,8
3325,8
3326,9
3327,15
3328,18
3329,11
3330,5
3331,13
3332,23
3333,19
3334,22
3335,14
3336,18
3337,13
3338,23
3339,12
3340,6
3341,3
3342,7
3343,19
3344,20
3345,23
3346,8
3347,6
3348,10
3349,15
3350,25
3351,15
3352,23
3353,22
3354,17
3355,5
3356,23
3357,17
3358,8
3359,13
3360,4
3361,19
3362,12
3363,23
3364,11
3365,1
3366,7
3367,16
3368,14
3369,25
3370,13
3371,4
3372,25
3373,25
3374,12
3375,5
3376,24
3377,24
3378,17
3379,22
3380,6
3381,20
3382,18
3383,9
3384,2
3385,2
3386,18
3387,11
3388,2
3389,23
3390,26
3391,21
3392,4
3393,3
3394,13
3395,26
3396,14
3397,22
3398,25
3399,4
3400,18
3401,4
3402,9
3403,12
3404,7
3405,17
3406,8
3407,2
3408,23
3409,23
3410,5
3411,25
3412,12
3413,5
3414,23
3415,4
3416,3
3417,24
3418,24
3419,18
3420,13
3421,22
3422,10
3423,2
3424,9
3425,9
3426,19
3427,11
3428,26
3429,10
3430,7
3431,23
3432,18
3433,15
3434,20
3435,17
3436,9
3437,7
3438,25
3439,24
3440,10
3441,4
3442,16
3443,19
3444,5
3445,10
3446,21
3447,16
3448,4
3449,18
3450,6
3451,5
3452,7
3453,1
3454,8
3455,11
3456,22
3457,22
3458,16
3459,7
3460,22
3461,1
3462,17
3463,13
3464,16
3465,4
3466,4
3467,21
3468,13
3469,25
3470,22
3471,11
3472,14
3473,8
3474,9
3475,20
3476,12
3477,10
3478,5
3479,22
3480,3
3481,20
3482,5
3483,20
3484,7
3485,3
3486,6
3487,21
3488,21
3489,24
3490,11
3491,8
3492,2
3493,19
3494,2
3495,11
3496,22
3497,20
3498,23
3499,20
3500,14
3501,13
3502,14
3503,21
3504,11
3505,2
3506,18
3507,7
3508,22
3509,18
3510,6
3511,25
3512,18
3513,14
3514,9
3515,5
3516,1
3517,26
3518,26
3519,6
3520,17
3521,25
3522,23
3523,1
3524,15
3525,17
3526,3
3527,20
3528,4
3529,19
3530,6
3531,16
3532,19
3533,17
3534,14
3535,10
3536,2
3537,26
3538,16
3539,5
3540,13
3541,9
3542,11
3543,18
3544,11
3545,15
3546,13
3547,11
3548,5
3549,9
3550,13
3551,4
3552,23
3553,16
3554,7
3555,4
3556,3
3557,1
3558,2
3559,21
3560,21
3561,23
3562,21
3563,18
3564,25
3565,19
3566,6
3567,2
3568,2
3569,13
3570,12
3571,19
3572,11
3573,12
3574,26
3575,22
3576,22
3577,1
3578,8
3579,13
3580,23
3581,14
3582,25
3583,15
3584,11
3585,7
3586,11
3587,14
3588,14
3589,1
3590,15
3591,13
3592,20
3593,25
3594,9
3595,14
3596,17
3597,18
3598,20
3599,16
3600,19
3601,14
3602,15
3603,22
3604,17
3605,11
3606,22
3607,7
3608,16
3609,18
3610,12
3611,21
3612,5
3613,20
3614,19
3615,18
3616,5
3617,22
3618,13
3619,11
3620,3
3621,22
3622,12
3623,9
3624,19
3625,19
3626,8
3627,19
3628,21
3629,1
3630,5
3631,21
3632,24
3633,2
3634,9
3635,14
3636,20
3637,1
3638,12
3639,20
3640,1
3641,24
3642,10
3643,12
3644,6
3645,6
3646,11
3647,16
3648,17
3649,22
3650,4
3651,19
3652,25
3653,13
3654,4
3655,25
3656,7
3657,26
3658,26
3659,15
3660,12
3661,1
3662,5
3663,10
3664,18
3665,2
3666,2
3667,21
3668,20
3669,14
3670,16
3671,22
3672,19
3673,23
3674,19
3675,25
3676,5
3677,22
3678,12
3679,6
3680,21
3681,19
3682,12
3683,7
3684,4
3685,16
3686,11
3687,17
3688,3
3689,20
3690,4
3691,17
3692,12
3693,23
3694,17
3695,6
3696,20
3697,15
3698,21
3699,17
3700,13
3701,21
3702,22
3703,3
3704,16
3705,18
3706,12
3707,19
3708,18
3709,15
3710,24
3711,2
3712,21
3713,4
3714,21
3715,7
3716,11
3717,7
3718,25
3719,17
3720,22
3721,12
3722,14
3723,17
3724,19
3725,5
3726,3
3727,18
3728,24
3729,3
3730,13
3731,25
3732,26
3733,15
3734,3
3735,20
3736,17
3737,5
3738,1
3739,13
3740,5
3741,12
3742,19
3743,16
3744,17
3745,17
3746,9
3747,14
3748,23
3749,15
3750,3
3751,4
3752,9
3753,21
3754,10
3755,13
3756,19
3757,8
3758,17
3759,6
3760,26
3761,26
3762,6
3763,1
3764,19
3765,1
3766,22
3767,8
3768,23
3769,16
3770,24
3771,14
3772,5
3773,8
3774,16
3775,13
3776,16
3777,11
3778,9
3779,19
3780,5
3781,12
3782,21
3783,12
3784,22
3785,18
3786,22
3787,6
3788,16
3789,12
3790,25
3791,7
3792,3
3793,3
3794,14
3795,7
3796,3
3797,15
3798,6
3799,10
3800,13
3801,18
3802,13
3803,7
3804,7
3805,17
3806,1
3807,10
3808,16
3809,19
3810,26
3811,4
3812,13
3813,2
3814,14
3815,21
3816,12
3817,8
3818,3
3819,7
3820,18
3821,26
3822,10
3823,10
3824,17
3825,24
3826,23
3827,26
3828,25
3829,12
3830,6
3831,26
3832,23
3833,19
3834,4
3835,13
3836,5
3837,12
3838,18
3839,10
3840,9
3841,21
3842,20
3843,2
3844,13
3845,6
3846,4
3847,23
3848,11
3849,9
3850,13
3851,17
3852,7
3853,3
3854,22
3855,14
3856,7
3857,13
3858,13
3859,5
3860,20
3861,7
3862,18
3863,24
3864,9
3865,1
3866,20
3867,18
3868,13
3869,21
3870,22
3871,13
3872,18
3873,4
3874,10
3875,15
3876,18
3877,12
3878,19
3879,13
3880,13
3881,17
3882,25
3883,23
3884,20
3885,7
3886,20
3887,10
3888,1
3889,11
3890,25
3891,11
3892,24
3893,14
3894,25
3895,13
3896,9
3897,21
3898,7
3899,1
3900,1
3901,4
3902,23
3903,23
3904,6
3905,4
3906,5
3907,18
3908,23
3909,16
3910,1
3911,10
3912,18
3913,21
3914,26
3915,15
3916,3
3917,6
3918,23
3919,1
3920,23
3921,25
3922,20
3923,16
3924,2
3925,9
3926,6
3927,24
3928,8
3929,17
3930,21
3931,1
3932,16
3933,10
3934,26
3935,9
3936,5
3937,21
3938,26
3939,26
3940,17
3941,18
3942,20
3943,17
3944,23
3945,5
3946,16
3947,12
3948,13
3949,19
3950,20
3951,9
3952,16
3953,18
3954,21
3955,16
3956,5
3957,24
3958,25
3959,6
3960,14
3961,9
3962,19
3963,4
3964,17
3965,10
3966,15
3967,5
3968,13
3969,20
3970,7
3971,24
3972,9
3973,13
3974,22
3975,19
3976,21
3977,14
3978,4
3979,15
3980,11
3981,13
3982,15
3983,11
3984,10
3985,3
3986,10
3987,7
3988,15
3989,23
3990,12
3991,15
3992,20
3993,9
3994,17
3995,19
3996,20
3997,17
3998,25
3999,25
