id,Target_reg
0,7.191148930311622
1,10.490512538378951
2,4.409046611194477
3,5.455309723846354
4,7.611243175558311
5,7.950560910374806
6,5.885273994108238
7,6.126777077621046
8,7.817893278264243
9,4.864751119399767
10,6.308363657094206
11,6.752684963154969
12,7.70766007132311
13,8.865194660155918
14,9.042519668722985
15,6.82350531249106
16,7.703098521931156
17,9.246397518627386
18,8.249169153278153
19,8.093520004255556
20,6.427388451279257
21,7.698619138752101
22,12.669959496648339
23,6.497287004610819
24,9.088110720503506
25,6.296422062382417
26,3.4419772031023452
27,7.728107491877503
28,7.2914761841283395
29,10.166465836111511
30,10.624744388778883
31,5.04420851169116
32,4.31606735225359
33,4.848126447989695
34,7.149231130942
35,6.931541864159329
36,7.545715257242266
37,6.195797602279999
38,6.959896446082685
39,4.194654056737252
40,3.684716099242258
41,7.591234434697211
42,8.184713906600907
43,5.278386403185856
44,8.046946962052111
45,6.082409144875955
46,7.9107148493994135
47,6.129832202269673
48,6.671646008656116
49,8.812940867757261
50,13.691035238762813
51,5.437574187805028
52,8.132935355751545
53,7.9015879297010425
54,6.968872787958628
55,6.907707333394152
56,9.463814369169672
57,8.326335456222155
58,8.921805132687988
59,6.726899243590728
60,6.566458855846104
61,7.235681797534785
62,7.846534784196844
63,9.472549169194963
64,7.617326114448346
65,9.840188034501818
66,4.646220374175214
67,6.050861263640625
68,4.451798407222091
69,7.557867532955526
70,7.980970340268527
71,6.226412181367025
72,7.709415255809073
73,7.998319001542444
74,5.051408063179826
75,2.5505168896319046
76,7.031086465326382
77,5.266739263179811
78,4.015478801275743
79,6.953186041196933
80,6.165948501067157
81,10.126682158584138
82,9.422358689537578
83,8.897268429264795
84,9.879078402673258
85,6.433424602222052
86,6.144649470248397
87,6.083754173416922
88,8.96838334065931
89,6.017545577093203
90,7.820660453223731
91,5.050647402918361
92,0.24136483244651202
93,8.62579519991147
94,6.169613638290294
95,7.514189263856493
96,8.388325062850791
97,6.963979087450238
98,5.606991087789843
99,6.5609633668250265
100,9.6808245600632
101,8.66375881517404
102,8.665008384637634
103,7.980797491873376
104,7.953998768181129
105,10.105631376782956
106,8.4624921670891
107,4.623056136513927
108,8.252151422707826
109,5.2372969729630805
110,7.310185717822076
111,7.654740200177448
112,5.470660666912274
113,10.625240258518724
114,8.761387509252566
115,8.13466345741308
116,6.352750174730036
117,5.249583747776953
118,7.931276620628023
119,9.725050014137148
120,8.85230546948332
121,7.515381015733011
122,12.196470747669418
123,6.684056354512099
124,8.488296989261645
125,6.49509640996351
126,8.833564262414752
127,8.46419518911758
128,7.553656090632566
129,4.695675537537067
130,7.857737102533977
131,6.577861664871203
132,8.396343887753067
133,5.308732359282563
134,9.403656764761308
135,8.355321376559404
136,8.474153846122327
137,7.207490580384367
138,7.524751408543561
139,4.68056197264272
140,8.606280524922516
141,4.974006076521555
142,6.753458206326737
143,5.105073058587233
144,9.409017786779653
145,8.838623524247668
146,6.751553327339767
147,6.582377491817876
148,3.8564143840475613
149,7.282050797122042
150,3.1197466943671737
151,6.534990241316605
152,3.1738803304219783
153,7.096725938496534
154,10.8321278524308
155,6.121732758505039
156,6.692388529205004
157,6.3913914291711285
158,7.5194182252396535
159,7.596726984735247
160,8.87350628641989
161,8.666319902251907
162,7.959586332633525
163,8.51607437892123
164,7.4686428448905735
165,5.273066813545565
166,9.745781231310975
167,8.046440623181892
168,6.152488408407375
169,12.305185079305804
170,9.520756744979597
171,6.497812149700122
172,8.666630454030585
173,5.665497724830996
174,5.539758955967167
175,8.504286693408169
176,9.126491041577179
177,7.602360519322717
178,6.370188995195741
179,8.13518311939261
180,9.991341647029403
181,6.985742799267458
182,9.475463873140946
183,5.398991119571838
184,6.392681394193545
185,6.144992618419962
186,7.441660393666771
187,8.154248623961555
188,9.393739907887449
189,7.895929553505395
190,7.811114585236673
191,4.807055950201757
192,5.366842603580471
193,4.887456044478434
194,8.609896341210115
195,5.710482297964154
196,5.636427338167237
197,9.281614539155669
198,1.816291652403236
199,5.833175257989719
200,7.980286079527799
201,7.370281036286135
202,2.3396281311166613
203,9.974739624223869
204,8.4715488179706
205,8.071368993396778
206,7.162458587576432
207,8.341121600285957
208,9.980645144175217
209,6.932314284239706
210,6.437300176046523
211,10.094347541551862
212,6.309772748201909
213,7.214342855918
214,11.211384168641223
215,9.472164635917121
216,5.0175171815833215
217,7.041233420729276
218,4.204540466038359
219,6.785384725165581
220,6.585394027300003
221,7.109939368685596
222,6.386560961551481
223,11.151742555255424
224,4.4306980254987
225,2.965298699594172
226,4.805610673972325
227,8.305046980586171
228,7.619298169952592
229,3.5592215206268625
230,9.53247842036964
231,5.981494086985462
232,6.561124105290527
233,6.417527527700278
234,9.725786058114815
235,6.475305488786544
236,9.057607435976422
237,3.3283415084088097
238,7.150474353247314
239,4.698332311488431
240,5.354729113327608
241,7.510824102803565
242,5.253335228454304
243,10.501930601470551
244,8.301571636581407
245,6.758582481846646
246,5.394766250578492
247,4.991202319035026
248,8.848054885815113
249,5.4330161234405425
250,8.90590964776387
251,6.815580250625991
252,4.58043251569454
253,6.930720577448447
254,4.87915672354969
255,10.26512496865093
256,7.579918130459039
257,8.474316120869931
258,7.659110745920649
259,6.115094886046831
260,6.268509221601625
261,7.238336352603864
262,7.6380743592330544
263,6.172677671181595
264,8.481213426819105
265,7.738925732590714
266,7.926479641744174
267,4.395388560723612
268,2.6332487132105173
269,7.020259442771654
270,4.5642402901996615
271,8.957128906664867
272,4.524219547662339
273,5.779465505229944
274,4.735864938667981
275,11.074399074076908
276,4.679086584433021
277,4.852240035867639
278,4.343496734068173
279,5.473248529291229
280,6.568094971538701
281,6.714247398484065
282,9.067099049735004
283,9.349542459217192
284,8.875223243398839
285,4.237884170160373
286,6.811206770496784
287,7.542793793854906
288,7.264745605854752
289,8.424347440633625
290,8.653867629097652
291,7.894731779201359
292,7.824003207003613
293,6.684926000264073
294,6.068734785161914
295,8.215288617926479
296,7.411749418621181
297,3.997359091342109
298,5.327714056206813
299,6.752230015330253
300,3.9751510791608426
301,9.164888645939186
302,7.532335778423531
303,8.005653295073666
304,8.817722089628944
305,7.829437259533754
306,6.876040290390606
307,8.758970448222993
308,7.989866737320553
309,5.421454214658396
310,8.054512807830102
311,9.315744007965765
312,4.814503882677506
313,6.310224222547546
314,4.974853730392561
315,7.582975885163694
316,10.042356447956426
317,6.495235047469667
318,11.935399931031752
319,9.736660361945278
320,5.730675070853932
321,5.833751376265745
322,8.487028008154342
323,3.931691591146684
324,5.168781003630423
325,5.384473888336655
326,4.655973644672467
327,6.059035058666664
328,6.799611853060797
329,5.435784565880764
330,7.63464878389569
331,5.738563913472359
332,5.740708656388252
333,6.1265076525123545
334,5.641189701411602
335,13.009310768261823
336,6.871637817032769
337,3.2009723729448347
338,4.286700724600525
339,10.085336912254153
340,7.653770544774573
341,4.136052455477633
342,6.375238809717719
343,6.505938014593087
344,10.333906442707363
345,8.641906714516908
346,5.099435798302818
347,5.457959916092435
348,4.989218655466999
349,9.381903856097425
350,9.112544405872685
351,4.507147755109053
352,7.003409828739066
353,7.0160392119393675
354,8.10246757354183
355,5.916118579092559
356,11.413666617191597
357,8.376631798840677
358,5.297792569734361
359,7.781009584662187
360,7.871631729085239
361,6.467403854541281
362,6.371039874548298
363,8.763413666203645
364,6.32146451046156
365,4.340409335628634
366,8.240361649000178
367,7.776201027445711
368,5.276806156954225
369,8.025478068208365
370,7.6945471701244985
371,7.966676843948089
372,7.486720852847521
373,8.94089524911997
374,6.586277270253624
375,5.20864718090549
376,8.55624891301668
377,9.370349610186809
378,6.923441461058531
379,6.390987832254889
380,10.931840744391375
381,7.836915808538344
382,5.1612302705686295
383,2.049635679870323
384,8.15452678181453
385,7.285568224989684
386,9.46045787446112
387,7.564699823994783
388,3.628433305723393
389,7.51796794780059
390,10.036002313507133
391,7.424435935311281
392,6.033033636886675
393,8.06559057944355
394,9.350843473076068
395,5.045995463833067
396,6.676701452741544
397,5.8140143038689205
398,8.050433750721742
399,8.404740229587128
400,7.979073437858154
401,7.776540575058037
402,9.74506788108099
403,9.355837259869926
404,6.029813000147511
405,7.963441039475412
406,4.399439537685976
407,6.213010876111826
408,6.688348009540016
409,6.615199210130408
410,7.414412969086923
411,6.081596126990645
412,8.114229532899797
413,4.714105121949753
414,2.680702619440357
415,7.4723236748083535
416,6.267783361008123
417,6.717508765080427
418,8.664201275259476
419,5.997462629394199
420,7.0495079018655415
421,7.30313819772898
422,8.017275775856278
423,8.139766496279874
424,6.2684691548412035
425,10.35803157851123
426,6.265836898110988
427,8.495697459500379
428,5.072039296281585
429,8.848916880964433
430,2.6332487132105173
431,8.19577564720653
432,7.02284057879728
433,9.911929824924101
434,8.715550232365336
435,9.756633133591265
436,8.089520281459928
437,6.3910300242030464
438,9.625205743732353
439,4.056495051917305
440,7.78698002412542
441,8.09554160939929
442,6.775786435097875
443,8.043645604280009
444,5.903254411287675
445,4.818453570059112
446,5.0337343142684166
447,5.955889986571605
448,10.427739442659018
449,8.466400859958425
450,0.4145069622767506
451,5.582951859718856
452,4.127844480843599
453,6.0093643470815215
454,6.031104076658591
455,5.880118389266498
456,10.247956785223657
457,5.893203667207276
458,3.320319743642043
459,3.172844623023937
460,7.972449475607765
461,8.651954598115617
462,6.201140781465175
463,7.255919675937641
464,9.147413554843943
465,5.42969442235395
466,9.716898719699115
467,7.583948596313326
468,7.445470621752715
469,6.838036008916169
470,5.53747940561249
471,7.28535192573964
472,4.314590571095744
473,6.984067021773356
474,6.548711610747791
475,6.595683554587182
476,5.666651398584708
477,8.225357897332566
478,7.251473035490571
479,6.674620566600788
480,8.748700071757366
481,6.67051005109978
482,8.004274033050018
483,5.537166110467254
484,6.83870579715764
485,9.766181082073247
486,7.681362133122587
487,6.434315268618981
488,7.443082364552221
489,9.51898038104329
490,6.203283427812052
491,4.0292378245899005
492,7.709723549814175
493,6.084855675308504
494,9.41069077237944
495,9.491391987600032
496,6.5317487977363395
497,7.752413561579093
498,4.562498325369993
499,6.634944061963464
500,8.662499435774146
501,4.935063158586556
502,7.215933713000576
503,9.410119629999974
504,4.940453377441686
505,8.40461852006418
506,6.513586091863468
507,5.649727490798424
508,7.441257496406016
509,6.546818285466888
510,9.337978546191112
511,7.643030876222876
512,8.85038498843882
513,4.595402427993482
514,7.391906132281783
515,12.139999421357171
516,6.274270194924946
517,9.842424607342565
518,8.529802131117918
519,7.941420509244527
520,6.790336119192632
521,7.968104625329562
522,8.79292885019385
523,7.144242788998492
524,7.160795705547471
525,5.469545127405101
526,6.353775086122899
527,5.3264306627313855
528,5.458039704306518
529,6.870465990111245
530,7.248702186993214
531,7.678803000501944
532,8.249167778880834
533,8.092719716914848
534,7.1942497411741115
535,8.48385454391044
536,8.566704293012332
537,4.533889839219528
538,7.234508069311769
539,5.99279294564936
540,8.957615167290982
541,8.443200985172487
542,8.24954183275127
543,5.9333999211082915
544,7.540971573575595
545,5.264992395673313
546,8.154092341067397
547,8.912461509167322
548,10.509741449123695
549,4.367738358690305
550,7.71917001925329
551,7.16963937932673
552,6.9222243237587655
553,5.124420915232007
554,9.091564023308443
555,10.652651940756918
556,9.09919254689217
557,8.592844489668117
558,5.679255614696259
559,5.051794501025058
560,7.13282423172301
561,9.993058658730048
562,5.297839326088301
563,6.673195838942392
564,7.9449144085997725
565,3.6081241979055334
566,7.036051975092805
567,6.900781728165154
568,6.906331572029905
569,8.425407790945664
570,6.795861733153823
571,5.74189108253648
572,6.519947517104754
573,7.646504853574789
574,9.900160332653655
575,4.952376882635716
576,8.974772408817381
577,8.621184408664506
578,5.582298252171893
579,4.701668472778281
580,7.173107573818796
581,3.3149371224099173
582,6.677230537535636
583,6.70420105471141
584,6.831738323837475
585,6.927102833002574
586,11.38420015434495
587,5.3661518037576785
588,5.82560923704794
589,8.393318444712804
590,4.818171284844575
591,5.184156622763612
592,8.756164024964187
593,7.714690668313258
594,0.379040626344438
595,6.115043241855897
596,9.070938310950368
597,6.402733357269817
598,6.091895442747854
599,6.2340718557392245
600,5.40714796053574
601,7.4965762344473035
602,10.192892875965121
603,6.678674520172111
604,5.913808718376267
605,7.822890097926377
606,5.532835829043967
607,10.513537961785946
608,7.266695193093385
609,5.573569008024419
610,5.522593381606896
611,4.847787687976558
612,9.459112602973207
613,8.221653101972779
614,7.754857480088405
615,7.728746866961749
616,5.2295309121706
617,7.387937624337242
618,4.28434689138482
619,8.54245356323175
620,8.509588876303122
621,8.33421439773184
622,5.861387554433379
623,8.836909378460508
624,6.060969852576918
625,7.621508303449147
626,8.834165017172364
627,8.745210409267305
628,4.34955787253111
629,7.559070688353761
630,9.32801188387065
631,9.05035446907274
632,5.127309570737649
633,11.451811452916182
634,5.368166795853712
635,3.5644994099973117
636,8.880723472654678
637,10.470512985274947
638,9.548000463263723
639,6.761247135407606
640,4.498722648308417
641,5.61265848365595
642,8.48878481285647
643,7.811428009704782
644,4.89060045601927
645,6.82902116874408
646,8.13509683103552
647,9.664911894650176
648,6.515727430744584
649,4.368241887045894
650,9.120931518785712
651,7.503088405780763
652,6.861686939331872
653,4.709359792070905
654,7.897574361318335
655,7.9152758606832245
656,2.065163933869515
657,8.67481441946665
658,7.095899415390388
659,7.898950092772144
660,10.061611346738841
661,7.569940498934797
662,5.1032464366854
663,4.610746751074173
664,9.530267193198068
665,7.079295380452303
666,4.8105205313711705
667,6.637906619973566
668,6.931097999769002
669,8.060612519686702
670,8.175153057391073
671,6.444737859924411
672,11.228789195502003
673,8.826841848529362
674,8.339139214734326
675,7.9904080048255235
676,6.631901109433438
677,8.978938588261073
678,1.6753762203029714
679,8.497582833646815
680,7.165701158481199
681,6.573399850699373
682,0.40370076112473374
683,7.892565174343348
684,8.37713063030828
685,2.6332487132105173
686,2.2671774250587027
687,4.903558203015881
688,6.4224308732872135
689,7.994795110926007
690,6.764447244498933
691,5.3299882969605195
692,4.2841485405077915
693,6.329878235507805
694,8.009683729851965
695,5.745028036050491
696,9.394595460467105
697,5.276862173133438
698,8.21897895750989
699,8.667821193629697
700,7.268532581632712
701,7.971910259074492
702,5.405228389151613
703,5.654783525207846
704,7.755108492749048
705,4.525508924940141
706,5.1270719994604965
707,11.103808686241754
708,4.154457082138515
709,10.304487652802372
710,8.026899465871182
711,8.544047538317136
712,8.117427753561474
713,4.9846420847443005
714,7.183357675005521
715,6.486650081616125
716,8.406300210435882
717,10.978556688176973
718,8.52938672064322
719,8.249834170075616
720,5.6826229081715836
721,9.62732514383551
722,6.879614678563828
723,8.63599519503887
724,8.027467119800543
725,9.926065979737041
726,5.392531661560967
727,8.981118747142528
728,1.6219681183552352
729,6.014716955188779
730,5.00072285162979
731,5.323247815465921
732,7.850382729287855
733,4.2602444201630165
734,5.860071322622722
735,8.756440934424463
736,9.447885818118026
737,9.93155105435298
738,8.809017799855514
739,8.822482073182394
740,4.764554071362421
741,6.37290925581367
742,7.2531294656842045
743,6.052303185279451
744,8.29743583458914
745,8.443800223748744
746,6.650158042579779
747,8.636419740289044
748,9.336168160112145
749,7.588746939752782
750,6.199266379501046
751,6.026737560752399
752,7.42952816741426
753,7.527998889476676
754,7.7367031253599405
755,4.988657954343897
756,8.028073208274913
757,7.762045127608881
758,6.6224241562857165
759,6.8424881554558254
760,6.308823152377981
761,11.599397760046902
762,7.733160239507195
763,7.148467899396482
764,10.13727455487582
765,8.718138742708668
766,11.370651430608513
767,9.435854413348517
768,8.584407134145845
769,7.738981032896651
770,7.399304845283101
771,7.916356611285624
772,8.780900247982858
773,4.8425102401682
774,5.505670587493752
775,7.215724992150836
776,7.99271827498339
777,8.52572946842541
778,6.682151184020426
779,9.95537154318163
780,7.376671207360911
781,6.717156846756825
782,6.216813553279987
783,6.514204221140854
784,6.397472768901785
785,6.207585514343181
786,8.713952332081492
787,7.1719095196491
788,8.9860479171485
789,8.322637876745707
790,6.067762143181254
791,7.487823001118577
792,11.000725294938682
793,6.823995282718726
794,8.567504456016907
795,12.04145382464919
796,6.699612983640229
797,7.528069676915478
798,7.218496097895589
799,8.889043969460381
800,6.269958395159972
801,6.189506377433378
802,8.625727521135259
803,7.735968961686493
804,3.573426973412126
805,4.0015712072113825
806,9.337506508716885
807,8.369431983598
808,6.410287173025548
809,7.866004491300697
810,7.063449303025276
811,5.387549394171551
812,7.718259395449086
813,6.442017213174555
814,3.4366299145292154
815,7.819933435566405
816,7.331187428931423
817,5.550942201327256
818,4.713699181782517
819,9.774169791351682
820,8.10929347652947
821,8.36649140960384
822,9.062727070120813
823,6.420399994947709
824,9.250191825338117
825,9.587003083181969
826,7.9004801699665475
827,10.721168344992773
828,8.107493174168873
829,4.919521321793125
830,7.587355400977329
831,5.600732877279971
832,9.751763813911477
833,6.566267138528989
834,5.415745535724184
835,5.905677487529634
836,5.747397714941775
837,8.344003063299684
838,6.5166668586239656
839,9.797757695455125
840,6.097924411081946
841,9.284601741552075
842,7.870955524070536
843,6.805058618312347
844,6.658227867412727
845,6.847580424360169
846,5.464809863613483
847,6.116828328431582
848,8.03786847442458
849,6.618086227079113
850,11.012194991412416
851,6.532208320337247
852,6.813218964086861
853,7.674430345960393
854,10.136667736698154
855,3.9685424466029207
856,7.682074411719059
857,10.1874685994031
858,8.727201142171827
859,7.4799486849251915
860,5.455612959626152
861,8.645653584961954
862,8.3096945963453
863,7.141645277263527
864,9.246324522949012
865,11.096402103269133
866,8.62127725761767
867,8.314595640042453
868,8.38758427419538
869,6.826820720655828
870,9.446080891820149
871,1.506069787744135
872,6.9457493885937565
873,5.525966008659671
874,9.168701076900396
875,8.380758090815814
876,7.89531531912129
877,4.604170183783735
878,8.233884187746444
879,7.912953245582321
880,6.030837384924611
881,6.29458379294768
882,6.10447701324963
883,6.086974037782098
884,3.321186628660023
885,8.454158802603745
886,6.123440954087957
887,5.516716855292116
888,10.36793728996229
889,6.5452608303182105
890,10.127420717605819
891,5.442538266570288
892,9.108077003809775
893,7.633671386139029
894,5.581536166060635
895,9.060933335218449
896,6.751701289095847
897,8.42177474305098
898,9.199388191001505
899,4.609544189180158
900,7.311683026253489
901,5.035779176243152
902,8.569843350681912
903,9.346887408655576
904,7.707617910845358
905,7.909162322837735
906,6.234128255924877
907,7.257900808211894
908,5.658597719901023
909,3.4383386684400623
910,8.290493689497636
911,8.545660127229233
912,8.0849601028356
913,9.71268192720371
914,6.748427703967691
915,7.541656676728705
916,6.813556007796836
917,1.8314969174241993
918,6.2942183485675685
919,4.053930486283923
920,8.809479861189491
921,6.416263343040245
922,6.1216211115462915
923,9.685102113321125
924,4.607925445191879
925,4.425941696999634
926,7.3427402662342605
927,3.0782940863760087
928,11.858439197118534
929,6.688218560200014
930,10.56364250269892
931,4.082661272775077
932,5.488044840066187
933,9.208546700405394
934,10.482325448173256
935,8.916747513934023
936,9.162334948900979
937,9.834847763612004
938,9.192021817311028
939,7.8744940409652315
940,4.546573584468338
941,5.953307116596912
942,8.058241502357266
943,7.3413982796056265
944,6.940586944813341
945,5.074430395306444
946,5.302215099228181
947,7.537398651468467
948,8.73421168860912
949,9.093680140602904
950,6.152522552438443
951,4.438543062268975
952,5.174062582878478
953,7.8566446797200795
954,11.000722564416002
955,8.254641844517586
956,9.640146433594122
957,7.9979362565195435
958,4.384647538966501
959,4.982484995093418
960,8.215244435417086
961,5.009671154112434
962,4.329367352283395
963,6.834686391320067
964,12.110989611465268
965,7.466876412166971
966,7.158303435661467
967,7.522065045815931
968,8.201647460780528
969,7.804104060457742
970,7.810039197866613
971,8.179003623015891
972,7.909940245183058
973,1.875313052792149
974,7.308133671686705
975,6.52312993357766
976,9.146062985931126
977,8.176386526202618
978,6.344989333049007
979,6.523920516221417
980,8.805699530913673
981,7.364850082031033
982,8.551093756764564
983,4.212000572399323
984,6.173142799470706
985,5.233296724206844
986,7.858610713855628
987,9.641886527109303
988,6.224795943035813
989,4.343185007815065
990,5.845101193884294
991,9.452160653575564
992,5.719044421483468
993,6.926437337434867
994,7.321571638570249
995,5.132665190300297
996,4.596366889035321
997,7.828360719597954
998,9.268280532036263
999,8.962889896805931
1000,6.701514576806898
1001,7.02151932547243
1002,8.079941262294216
1003,4.592607675280696
1004,4.410401104861766
1005,9.85827476924365
1006,9.054689977803578
1007,8.34561311298839
1008,5.5665379018918895
1009,6.567807289831721
1010,7.435455554843855
1011,9.692062399329032
1012,9.797090739422295
1013,6.615047709384629
1014,10.158304566687994
1015,7.698077430883172
1016,5.020674668087904
1017,8.959533595778762
1018,7.695210657695473
1019,8.258942217927556
1020,8.818140994538146
1021,9.864255770676156
1022,7.970473062590691
1023,5.81062129723854
1024,8.566294327365704
1025,11.189289796430158
1026,2.3580038125338727
1027,6.688097824412781
1028,5.009052144220014
1029,6.730778371582749
1030,11.0560394803536
1031,5.081176070060187
1032,10.224557564336193
1033,8.483952904463047
1034,7.217273005000462
1035,9.360040025451104
1036,5.294597438836326
1037,5.405668837586399
1038,7.761235695686009
1039,4.619916214309881
1040,10.42063272925678
1041,5.333710108887325
1042,8.168612301978461
1043,10.12205746132558
1044,8.719539578723564
1045,6.486255214588044
1046,7.268516019148225
1047,7.707443810789244
1048,6.671701787751364
1049,8.573095809232235
1050,7.704290379940145
1051,4.45469607946421
1052,7.183532014102714
1053,7.597616349550246
1054,7.226629126325773
1055,7.404857126781661
1056,9.152584765601327
1057,8.932740555846236
1058,7.590991846603711
1059,7.116769818461113
1060,5.852315480738507
1061,7.574664733797778
1062,2.6332487132105173
1063,7.536814197926842
1064,6.950092093223135
1065,8.371173080639425
1066,6.750743051649694
1067,7.201120371091858
1068,7.450087805356247
1069,9.08386526747759
1070,10.220209142370498
1071,5.554781898805638
1072,5.3378307775383655
1073,6.854163617556969
1074,7.917592878014683
1075,7.804160376597824
1076,9.789938126161
1077,9.893962433554748
1078,10.047834006809957
1079,9.344242754901389
1080,6.845538809476008
1081,9.840394452651923
1082,5.485770338979193
1083,6.785231445772941
1084,6.3095575431669
1085,3.610953051751651
1086,6.6852820788240885
1087,3.1482906503678514
1088,9.818809049759281
1089,8.752777748458108
1090,6.10836579718672
1091,5.82196168176792
1092,4.110214326293823
1093,5.417541959158213
1094,7.627001894839837
1095,4.18096260512348
1096,9.92689664326609
1097,3.0081868856947622
1098,7.570388282097615
1099,8.361026755078461
1100,5.180526215525458
1101,7.2648178597125925
1102,8.076889490065309
1103,7.972433965250144
1104,6.518437335451042
1105,9.074625570953705
1106,8.10300019191222
1107,3.8675545525251356
1108,7.825910476667204
1109,6.571103229684977
1110,7.846764884144307
1111,6.968727084364501
1112,1.3239879341828527
1113,5.376432158585593
1114,7.503726961928771
1115,9.828484141463312
1116,5.403619387798933
1117,6.37680690782281
1118,8.179973540134528
1119,9.632680763394937
1120,11.470915246948808
1121,8.666366838889951
1122,5.837011510239569
1123,3.7488568943106038
1124,6.94389191238039
1125,8.409879356008469
1126,8.716816935077453
1127,9.871046736459105
1128,6.77126864153431
1129,7.020414687170345
1130,5.197485385534349
1131,6.57520322515755
1132,8.668141562628778
1133,9.527707752391427
1134,8.476398533534224
1135,9.150344418034884
1136,7.450050320953822
1137,5.929323931062379
1138,6.666740501762329
1139,2.2068069235706247
1140,7.806108239749183
1141,8.120811266067921
1142,5.211965370384249
1143,7.4993879169185
1144,6.5000368778298325
1145,9.539819132863004
1146,4.522264280772877
1147,5.637037136517324
1148,11.449434364355751
1149,3.7475611619664897
1150,6.379495672144839
1151,9.025353884212645
1152,4.896096718645121
1153,8.33667825047498
1154,5.7825986488439005
1155,4.078744466943614
1156,7.66618590752433
1157,9.63434991694484
1158,6.5838400682049025
1159,5.127309570737649
1160,8.86623555448609
1161,6.7757470825992625
1162,9.4347067770472
1163,7.4993084599853495
1164,8.19855583368006
1165,5.992343561169811
1166,8.21943842685534
1167,4.8936440826574445
1168,7.185816076015849
1169,7.111417645877645
1170,7.887812191453985
1171,10.162304413454216
1172,8.3840938506177
1173,8.817224123709567
1174,6.353866613720109
1175,6.631277624117409
1176,6.4244531432789875
1177,3.7941255671115
1178,9.293900643690197
1179,5.404236288512791
1180,6.6586725743234725
1181,7.3526439834301325
1182,11.268335533829898
1183,10.301616642427847
1184,7.082913187498609
1185,8.620188125272888
1186,4.585354184671443
1187,7.758077536063204
1188,4.942194153442753
1189,5.617882003653545
1190,6.825838079206747
1191,6.665578570775207
1192,8.848543677017835
1193,8.748640893589876
1194,8.96324972260317
1195,7.241211506069771
1196,6.168609746251467
1197,10.604286472886972
1198,4.893197384710731
1199,8.779062535849315
1200,6.7308092973106115
1201,8.479830179527035
1202,9.071434063194664
1203,6.6766429683627875
1204,8.613748116166317
1205,1.9654402453832245
1206,5.0350350584240395
1207,5.794765368352141
1208,7.214196084432858
1209,10.369545371775597
1210,7.711737324036792
1211,7.319769958429595
1212,4.084369647384099
1213,7.111309569484802
1214,6.070964202350132
1215,7.528043581229449
1216,5.736444402959618
1217,8.657961137239113
1218,8.001517545047518
1219,8.537946483751842
1220,8.59277557176978
1221,7.552349209560005
1222,7.816143603962432
1223,6.662450187910377
1224,7.206308176304658
1225,7.66158972950555
1226,8.663701909171138
1227,9.207044115730309
1228,6.064513800135563
1229,6.448121435211715
1230,9.262407864892479
1231,9.209766242059567
1232,8.104794529108403
1233,8.06574686078163
1234,10.17318265416677
1235,9.42281185482835
1236,9.307445502817169
1237,9.095472422162507
1238,9.444985291893856
1239,9.18398889608964
1240,5.5453272683705634
1241,7.149227278663604
1242,6.104040535169748
1243,6.158225467694288
1244,11.094216095166512
1245,10.400124443705614
1246,3.949402271972045
1247,11.43801774256938
1248,8.04841750377252
1249,8.735763822007822
1250,9.96959998928167
1251,7.668766243116094
1252,6.391321009135271
1253,8.746977787866513
1254,10.753847900319263
1255,6.091895442747854
1256,5.863813022877496
1257,8.018025588348733
1258,5.94045546012533
1259,6.523293267928352
1260,5.458912786550881
1261,9.206422305897696
1262,8.608928984522395
1263,9.012935852696167
1264,9.1970991053179
1265,6.655833499448392
1266,7.03809971196726
1267,5.645293847310032
1268,7.311842784205196
1269,7.762241229823279
1270,9.850954644081249
1271,9.404168818321295
1272,7.352389618402648
1273,5.61265848365595
1274,5.527359026530638
1275,7.193830340634159
1276,9.263753099445289
1277,8.945012819078197
1278,7.272027184353133
1279,10.002074763282371
1280,11.125056008144465
1281,6.675333367106328
1282,7.204955194141395
1283,4.5773420437792245
1284,5.497782839851175
1285,4.691130192924446
1286,7.1571602321306855
1287,5.989603872406522
1288,2.1583693399483703
1289,6.582836291906669
1290,6.391783582402825
1291,8.767348940086105
1292,9.752586624961074
1293,9.424667876116978
1294,7.722838673159633
1295,9.023743824766166
1296,7.267031937755123
1297,10.53304433424976
1298,6.8319036227957435
1299,6.557777067763758
1300,7.753290133373202
1301,9.8919278590035
1302,9.996706037985557
1303,6.36089778495709
1304,7.4040460728060955
1305,8.159220636210677
1306,7.838345426258199
1307,3.7525515026558027
1308,6.3652523681725945
1309,7.089971806905178
1310,6.114981878582013
1311,7.9100399525516885
1312,3.946156853348442
1313,7.103216746767066
1314,7.501627990733321
1315,7.382342946265809
1316,7.4761816382829975
1317,7.541995948897458
1318,7.115207205054417
1319,6.4063729813231545
1320,4.498244004563106
1321,9.020543526869314
1322,6.0031917676527256
1323,5.341130794943249
1324,7.787145820791226
1325,8.77167870810328
1326,4.965638395497463
1327,4.590398249404671
1328,8.0713705482637
1329,4.013262674674423
1330,5.386331557745373
1331,7.516307113110926
1332,7.630428430923815
1333,5.290035364858214
1334,9.048026138837928
1335,3.61325942631419
1336,7.118716921560355
1337,8.881127755383222
1338,5.684424194762376
1339,8.642667316620798
1340,9.310733316727068
1341,8.78259665719849
1342,8.10435186505638
1343,5.441658354215135
1344,6.939434941251112
1345,8.116714168465881
1346,8.180916231270384
1347,7.882465683511547
1348,7.521293062353899
1349,7.108139376155007
1350,7.003995065522854
1351,5.1711713209542625
1352,4.323118647358088
1353,8.822498458594096
1354,5.481166759377735
1355,8.221934120721142
1356,7.368888797053041
1357,4.971557340893885
1358,8.95116237054427
1359,10.848870682016056
1360,6.225935073094291
1361,10.169890194310513
1362,9.466581734632486
1363,8.543118933141558
1364,3.767453497373895
1365,5.535220393774197
1366,9.044488803615197
1367,8.986985592548065
1368,5.220622833446423
1369,7.520165575532004
1370,8.74542390674336
1371,6.998214097503955
1372,5.477902469845204
1373,8.124623599648023
1374,7.436548616644514
1375,9.731132521658251
1376,6.326620402321651
1377,7.337295952872493
1378,8.390442507986602
1379,6.03590673844962
1380,4.841050337007988
1381,6.835174398784185
1382,5.949189256605507
1383,4.283344585140652
1384,5.812865064510988
1385,7.748761535275159
1386,9.10378996639173
1387,6.67943881829109
1388,5.418702560175119
1389,8.749077336342712
1390,8.807307060019127
1391,7.621367981096341
1392,9.539368787206104
1393,4.807508866535457
1394,7.930230623039938
1395,9.294260951518627
1396,7.130876293482932
1397,4.7335577725611095
1398,7.8540630999855265
1399,4.362819896492384
1400,6.3511770196663315
1401,5.476483653663719
1402,8.991075900393497
1403,7.750804168276901
1404,2.6332487132105173
1405,6.886770783419277
1406,8.628723579182235
1407,7.5312366400402295
1408,7.693829079859243
1409,8.612403620049811
1410,13.129899560230758
1411,10.129532839264318
1412,8.58519917030581
1413,6.141044527324195
1414,9.627266705302533
1415,9.688030467882117
1416,7.764292280453768
1417,10.151858206024414
1418,4.9101029446773685
1419,4.764546023678683
1420,10.244226061543452
1421,4.468277149395864
1422,5.398975993228883
1423,6.194932310939149
1424,8.904386142301792
1425,7.78630211557715
1426,5.224791665550125
1427,4.775609189412584
1428,6.836683310464459
1429,8.978258408942729
1430,10.978459298532592
1431,8.285929312754195
1432,5.392531661560967
1433,3.9961635989088955
1434,5.507248492101369
1435,7.834056894096396
1436,7.051087663691203
1437,11.87352151817755
1438,7.133901991149478
1439,9.329427137005547
1440,9.45094580475334
1441,6.961182252568638
1442,7.772321344502207
1443,6.848307064303142
1444,7.982784151046374
1445,6.948083645738709
1446,6.263004995707032
1447,5.834555356851981
1448,8.42203008382984
1449,6.3086109659730525
1450,8.462770073692338
1451,3.619125368377438
1452,6.353303150608826
1453,4.438664164716341
1454,7.56345321989723
1455,9.982135299718653
1456,9.994231425006719
1457,6.408726409492107
1458,5.398991119571838
1459,8.716176482952132
1460,7.611150752130219
1461,9.117381412280729
1462,7.438451030012239
1463,9.110939696904731
1464,4.847787687976558
1465,8.940065754495057
1466,7.942152720782515
1467,4.634345607877749
1468,8.039275292600669
1469,8.69983977424274
1470,5.686411511775733
1471,6.289347955043912
1472,8.056534628389098
1473,5.038253959126021
1474,6.87818511777156
1475,6.012207751969527
1476,6.562575905929564
1477,7.836563377510031
1478,8.453032140496925
1479,9.206932466575143
1480,3.6551643649087033
1481,6.065988058487698
1482,8.213589015840432
1483,7.018173254400646
1484,5.626666965008392
1485,9.976049671755318
1486,7.246273676463621
1487,10.335045850980302
1488,2.4119087024696384
1489,4.4979359917454325
1490,5.932700868317842
1491,10.486533479295245
1492,5.11064564733556
1493,8.797982954713897
1494,8.679064806060218
1495,9.433024262291397
1496,5.992991314965958
1497,3.4836515997486397
1498,8.016045373730613
1499,6.890659579896479
1500,8.219340314347622
1501,7.379646404937742
1502,10.074691780247957
1503,6.380871803171838
1504,4.705471054752269
1505,7.211427137513593
1506,6.391805713213305
1507,10.113162730595707
1508,9.22779989792828
1509,11.127027513716405
1510,7.074923235590568
1511,7.237903321149019
1512,8.252419945569669
1513,8.045010159541206
1514,4.665528926361477
1515,7.480388756244799
1516,7.216804495109184
1517,4.717579586747329
1518,7.715077657115923
1519,8.151949394305417
1520,1.506069787744135
1521,6.296459644155641
1522,10.365682540400826
1523,8.292532126254448
1524,7.725565164851182
1525,6.414655939933035
1526,8.924954614193396
1527,7.811383977298026
1528,7.940065769297944
1529,7.673327288618402
1530,10.643592759642111
1531,7.686274310843884
1532,7.236501451939102
1533,4.985440452680463
1534,4.111457867412587
1535,8.543534132712011
1536,7.648758582784634
1537,8.326970409030817
1538,8.53998895848715
1539,6.682842107884141
1540,6.127562795578696
1541,6.634375307290521
1542,7.606108883268376
1543,9.190167859657684
1544,6.5141534957396
1545,9.49756951245826
1546,7.394411220453815
1547,4.404030694151754
1548,5.647226964396576
1549,7.110512540059194
1550,8.358806487657917
1551,7.5997950350188885
1552,8.836576965420592
1553,10.212362553748
1554,6.425617394131749
1555,9.968659844816802
1556,8.210758138457688
1557,8.997084862773052
1558,8.961607183458803
1559,8.411448274278218
1560,6.837399963512393
1561,8.511976274493989
1562,6.730778371582749
1563,7.92662981542397
1564,5.742698446453275
1565,6.094252655711561
1566,7.67808712957487
1567,5.567236981556281
1568,5.678824488858699
1569,6.234740741758839
1570,3.005134843576063
1571,8.402001570341723
1572,6.973529751573248
1573,2.2690072296295942
1574,5.021738877231385
1575,4.986466649682548
1576,5.749390944305498
1577,6.7960742953294515
1578,8.547965750030912
1579,7.9123492833511735
1580,8.585724347926867
1581,6.271923528856954
1582,9.187986347052925
1583,7.272294901040561
1584,7.320179992064358
1585,3.602375276259873
1586,6.357369043504112
1587,8.053292370108077
1588,4.911208741202236
1589,3.911569597150638
1590,8.882082779362198
1591,6.172801608437607
1592,7.848087856608426
1593,6.402487203278042
1594,6.703156775983401
1595,5.717285070373325
1596,5.80823609149024
1597,7.144769406445598
1598,9.224255904177605
1599,8.224240319082446
1600,5.946681557532039
1601,8.043076388058362
1602,6.204766505807497
1603,7.278491974065535
1604,6.667939317717004
1605,7.084126418836645
1606,5.739946181340181
1607,5.532334514644943
1608,10.632687350611814
1609,5.256662203332276
1610,4.935853572201105
1611,5.413816899694699
1612,7.471431726877788
1613,6.122024818092269
1614,4.99076222399018
1615,8.022674862820882
1616,7.550228823732659
1617,8.558898581058475
1618,8.446035975548838
1619,6.9088144732221455
1620,4.483858589286921
1621,9.406844273841013
1622,8.093929228913893
1623,10.193867458716499
1624,8.406722227958573
1625,8.786402589652779
1626,11.07428899439977
1627,7.983565756626202
1628,6.8945230017033365
1629,6.360871135972508
1630,5.630163550005978
1631,4.385851836319063
1632,8.775326838808478
1633,3.952580004541982
1634,7.080080020749279
1635,6.328289938268496
1636,9.054565654309345
1637,5.9527282145752505
1638,8.515317651988303
1639,3.151600644339785
1640,11.806435107411993
1641,6.787074176021378
1642,9.196799382322716
1643,4.102921641614974
1644,6.342603144494766
1645,7.0070642930830145
1646,5.095998661884431
1647,9.543400025873758
1648,11.054082405390478
1649,9.70021955320368
1650,6.433278430182161
1651,2.006473443471367
1652,10.97042853248466
1653,7.070734595571716
1654,6.054484880850095
1655,9.014151188587936
1656,3.902348126357669
1657,6.682827835011207
1658,12.169329857169014
1659,3.9067203458784445
1660,7.925478891490809
1661,5.875379753909149
1662,6.960750934724121
1663,8.6301344163357
1664,7.852002990620329
1665,5.864063062923158
1666,7.4816633490425195
1667,9.04702474154886
1668,6.962632826863687
1669,7.20881152988312
1670,6.152449973869365
1671,8.623594073952818
1672,6.821229836298531
1673,7.012623157357906
1674,10.198415507793444
1675,8.941754329558044
1676,9.06096809162583
1677,4.128448622440742
1678,9.63372446795302
1679,5.343762146563083
1680,6.835897251440889
1681,9.751147197128414
1682,7.832772992975023
1683,9.657919636210602
1684,6.4646121461153045
1685,5.331666148868685
1686,9.56588718830001
1687,9.51511511559358
1688,7.255717485352388
1689,6.898096447550513
1690,5.177730635987331
1691,9.715667046035636
1692,8.0384960330213
1693,8.902936355898346
1694,6.538742619742622
1695,7.180580910290192
1696,5.649284116754181
1697,7.311718819801834
1698,8.932312999596956
1699,5.4080498256422604
1700,5.8234231404970425
1701,4.991428727940318
1702,8.620916760120227
1703,7.801945922265605
1704,6.896851433674775
1705,7.1219139257302855
1706,11.128671654723286
1707,5.26396692362939
1708,6.726436209101879
1709,4.953112788770612
1710,5.603354480228599
1711,5.166616008843861
1712,9.051664562214913
1713,13.502763146009222
1714,5.410114807796027
1715,4.61418340650108
1716,8.416525451278316
1717,8.16572181692999
1718,5.0597911378587375
1719,5.6078247719237675
1720,6.257815212580246
1721,5.782237795053914
1722,5.434226361053347
1723,3.7498825373302163
1724,8.244257833295999
1725,8.99150684058768
1726,5.066432814684343
1727,8.211800034736026
1728,6.663029848545086
1729,9.292074974914755
1730,6.075452528392519
1731,8.880505325291386
1732,4.1901899147117785
1733,6.495637878882133
1734,7.07680704737508
1735,8.866683134703447
1736,7.107812616810878
1737,4.775424536782277
1738,7.872236340081947
1739,9.824329847259884
1740,4.984200799453828
1741,9.367267208044687
1742,3.6995243343795297
1743,5.880243468959388
1744,6.267590019983515
1745,8.273925108262729
1746,5.107552352463302
1747,11.259735352659467
1748,8.293922762780133
1749,7.093191897719104
1750,7.33201260199279
1751,7.683743930303819
1752,6.54573380563847
1753,7.329862697876923
1754,8.372051952417952
1755,9.76471798225623
1756,4.0381617974332835
1757,10.412668901020362
1758,6.669797742204698
1759,7.6751411706375565
1760,9.261017984997293
1761,7.297390762346779
1762,4.985440452680463
1763,8.367430878365552
1764,7.060002415731358
1765,4.311750939916672
1766,7.876461534590191
1767,6.288912770558057
1768,6.559397742200898
1769,6.796434933441737
1770,5.165223646905128
1771,10.491192394860184
1772,9.064822866025157
1773,13.148270792641256
1774,8.602376445595239
1775,6.745710873538277
1776,8.658139527777065
1777,9.05171143781646
1778,5.629189550572801
1779,11.805019384447256
1780,8.011622172698607
1781,6.909428020168606
1782,9.298529164192235
1783,6.687608246155408
1784,6.220672273053174
1785,5.31098093637856
1786,7.252519271973307
1787,3.7279425394551033
1788,6.710864395346813
1789,5.216397558014671
1790,7.115769084591625
1791,5.998307438288603
1792,8.580654118641291
1793,6.906000445559836
1794,6.488351725023342
1795,7.5595598071406265
1796,9.062270286471003
1797,4.470949045501517
1798,8.450288242386511
1799,9.558849641476948
1800,7.140191972226786
1801,9.23650432390769
1802,8.682708077945804
1803,8.804931623491631
1804,5.577595708681322
1805,10.842305525386815
1806,9.208982578266422
1807,8.53352538666323
1808,8.496218675381526
1809,7.8192183497835295
1810,4.200996676426416
1811,10.30657891464549
1812,7.421673424801064
1813,8.238930013898631
1814,8.347667445199306
1815,10.065962594429633
1816,6.201940205943003
1817,5.081760676985389
1818,8.612103721457729
1819,5.2909501077917405
1820,4.356488027809433
1821,5.50309434355819
1822,7.39609865001291
1823,3.974394259065256
1824,5.956501186803146
1825,7.180432371814415
1826,7.716396782384408
1827,7.438982543767391
1828,8.059762332810578
1829,6.987121585528011
1830,6.946882596407311
1831,9.46499484024704
1832,7.215576034412909
1833,6.656953840040527
1834,5.914571434835832
1835,9.478570416961595
1836,5.113265289232475
1837,4.30144017330486
1838,9.262158379936409
1839,7.11163713072715
1840,6.020020126802513
1841,4.269372105332657
1842,8.013592174318035
1843,4.082661272775077
1844,5.413174512721233
1845,9.524295136664232
1846,4.844176105730201
1847,4.1958949151477185
1848,8.70718796882148
1849,6.404927345888633
1850,6.4317812509940895
1851,3.7179463229767413
1852,7.1162896334378765
1853,4.79263761284097
1854,8.992487054410212
1855,5.4810174599871235
1856,8.581576743493656
1857,7.51908930013754
1858,6.5353804580068635
1859,7.783356685478698
1860,6.569758282450159
1861,8.110958801802235
1862,7.741372089223705
1863,6.004176122438681
1864,8.019880511299526
1865,6.700508806589441
1866,6.145557301507648
1867,5.793906880763623
1868,7.416174000542456
1869,5.404440132441668
1870,3.7147219854208413
1871,9.716449868643807
1872,9.079342557911248
1873,8.406722227958573
1874,6.063891286468834
1875,9.519900253196566
1876,5.410114807796027
1877,7.082103523511773
1878,6.325202804264358
1879,10.444553776420948
1880,6.17050814415
1881,8.431921533348145
1882,6.489873162752628
1883,10.601565807497973
1884,7.988298008159375
1885,8.532456330256606
1886,5.615086168493337
1887,1.7422859707810576
1888,7.217357015015125
1889,5.740256159481672
1890,6.532535202187874
1891,8.353742426981091
1892,6.867257461554763
1893,5.593237348111535
1894,3.600575773501216
1895,7.909503720225955
1896,5.3537283150753
1897,9.129017054301759
1898,0.2440936131407223
1899,6.431285263563204
1900,5.057039256102827
1901,4.148460506164859
1902,8.360968770051924
1903,6.172073196588181
1904,5.471039963122342
1905,10.014398041875262
1906,9.226215019772162
1907,5.847592708253936
1908,7.015711754858668
1909,7.503922979955388
1910,9.137126794554458
1911,5.176681356122898
1912,7.985533497076672
1913,8.935662290571512
1914,7.330231958447128
1915,7.933128579669703
1916,7.939779358511515
1917,7.279449819623832
1918,8.290098501875095
1919,7.299052381167213
1920,3.9304934111907426
1921,10.201002952966887
1922,7.37594734027127
1923,5.585574459964261
1924,5.2023766557045565
1925,6.361798971057007
1926,7.10517299926512
1927,7.871987088341227
1928,5.241779263470483
1929,8.167229873712476
1930,9.376501573706975
1931,6.841598465738809
1932,9.26028612703736
1933,6.382152826048341
1934,8.894907009571082
1935,10.849209789211523
1936,4.516331037406149
1937,7.409053072948674
1938,6.155873117045585
1939,3.985069833950939
1940,8.008740956679526
1941,7.473591522437676
1942,5.88521046816907
1943,7.307623065077757
1944,9.057799159037874
1945,5.67301356431389
1946,5.432502205915965
1947,6.1631478513348315
1948,5.84268247155572
1949,9.408212270427363
1950,9.667318854555473
1951,9.945131446197491
1952,4.07517485094298
1953,8.036161027403498
1954,8.312494168395073
1955,9.88207855113518
1956,4.665254186499609
1957,10.09831000254307
1958,6.539166956512745
1959,6.820962196295198
1960,7.1575727169943235
1961,7.5312366400402295
1962,4.821160419173977
1963,8.424836911635696
1964,8.247133101008865
1965,3.6070192719040706
1966,4.4985537168016485
1967,9.04622802234608
1968,6.052151249261852
1969,6.78679996946975
1970,7.488949733153775
1971,9.314121935016665
1972,11.081365693835679
1973,8.203787614149938
1974,9.353257095308809
1975,8.853094190179448
1976,6.09693633609857
1977,6.6759166367356775
1978,8.180268217469933
1979,2.268484437628244
1980,5.533046603663522
1981,8.136606394319678
1982,3.008615489735066
1983,7.736552983782478
1984,7.429235815860312
1985,5.813602322219602
1986,4.019902417372119
1987,5.360659225204519
1988,4.481023528434087
1989,10.699569604261114
1990,6.578160725952668
1991,10.36192562488438
1992,8.71490955771844
1993,4.343922661552415
1994,6.722380198420908
1995,1.8275635421531913
1996,5.742127698175389
1997,7.609999339201177
1998,4.051206719731596
1999,5.780359050002539
2000,6.038389023035946
2001,7.994888795314764
2002,7.190465944277851
2003,6.442054967304349
2004,7.905179710027241
2005,8.661335184226875
2006,13.308794085723747
2007,8.124717301486312
2008,4.356096758713863
2009,8.651491130255307
2010,9.39490079351379
2011,8.967746139668101
2012,9.773472604492518
2013,6.282157401192611
2014,7.536420198284598
2015,4.987260343839287
2016,9.780460973005983
2017,10.66037465168526
2018,8.150503391758111
2019,7.252285458548345
2020,8.921191112171355
2021,9.15453772665222
2022,5.499296055344767
2023,10.031884323633495
2024,6.668395296435016
2025,5.626666965008392
2026,8.32801986896046
2027,7.031490784677632
2028,5.787114890591983
2029,4.264084912710316
2030,8.153666299494354
2031,6.778992813214757
2032,8.353442266809358
2033,3.1638903876425455
2034,6.4904482119734235
2035,6.976522738946794
2036,9.465908076044343
2037,9.492780425218557
2038,10.145707465370888
2039,4.09453137528838
2040,6.036471871975782
2041,5.873860707756532
2042,4.848126447989695
2043,8.414500382142547
2044,4.984497488021275
2045,3.88756131836821
2046,5.381221201687629
2047,6.4516469725590495
2048,6.3194567415524725
2049,10.269835969337475
2050,5.242200428911906
2051,7.698339339518798
2052,6.846818384878694
2053,6.247848435056006
2054,6.246241767177404
2055,1.6617622209515015
2056,8.2025433040315
2057,4.56243134778778
2058,6.988691421370188
2059,7.347723741320195
2060,10.395239440525883
2061,8.087691126324442
2062,8.74315103478066
2063,8.380284085352802
2064,9.87774722040253
2065,11.51208859478509
2066,8.777435361793337
2067,7.312973391887906
2068,8.00307385821311
2069,6.538384383341284
2070,4.708781777971875
2071,7.900773852732207
2072,8.081749949622523
2073,9.209568395820042
2074,8.718069550221305
2075,8.143896186254118
2076,7.7232791195701065
2077,6.58482897351976
2078,9.907230800003486
2079,9.593670086907618
2080,7.484147295506146
2081,9.524999206880517
2082,7.59744718168816
2083,9.086113648628801
2084,9.153064718978971
2085,5.41635589727261
2086,7.695721114977354
2087,7.455653351861859
2088,7.965345740533065
2089,7.383592733512901
2090,7.354583792060774
2091,6.851892505328843
2092,10.206010173899061
2093,5.4664217198421765
2094,6.736093135162368
2095,7.909112241525571
2096,10.360208211932617
2097,7.657547447584862
2098,7.4611037756353245
2099,2.8829653188298163
2100,5.71663346423209
2101,7.354066118838468
2102,6.11490373579401
2103,7.883439876871718
2104,9.226737095017333
2105,0.2784052559614997
2106,7.0628687899730185
2107,6.510550913968406
2108,7.0984234981649195
2109,6.674670219541949
2110,10.037621201133776
2111,7.598832951875982
2112,8.208420335858747
2113,9.625804619212197
2114,5.277010883761831
2115,7.86423554820762
2116,7.340790872410241
2117,8.306065659516053
2118,8.77711875753407
2119,7.134968099803466
2120,5.320178038199768
2121,11.006830897358684
2122,9.408915980788013
2123,5.25904827630428
2124,6.636828727379097
2125,4.786462954502691
2126,8.842442463467735
2127,6.040737406891803
2128,8.978908067945504
2129,7.465709863511144
2130,6.119175638031695
2131,9.383972592497948
2132,8.210795769392718
2133,4.694484628572306
2134,4.570163305575522
2135,9.062642318894481
2136,5.39669231246275
2137,7.485353472187918
2138,7.520889876729167
2139,8.362729974456556
2140,8.16548387991447
2141,5.8966577757562595
2142,3.7427829381240927
2143,7.1497019695587385
2144,9.806502065215183
2145,6.809323735708312
2146,7.648041410521121
2147,9.770347057319658
2148,9.155418987909483
2149,7.701610642241416
2150,6.247848435056006
2151,7.172162240694274
2152,6.861697836682793
2153,5.427320386399893
2154,6.017599082340596
2155,8.2936548595853
2156,9.136471432920537
2157,7.521672104299411
2158,9.802747166657149
2159,11.693807004911058
2160,10.022925759572654
2161,4.865106934145427
2162,7.781920093309037
2163,4.451798407222091
2164,8.137660563124522
2165,10.492128901666742
2166,10.098049253849164
2167,10.242195465740737
2168,8.832984772857303
2169,7.569132987924719
2170,5.535804759361064
2171,8.422444422384414
2172,12.694827297252548
2173,8.247605767808185
2174,8.643142277566746
2175,5.880475959504145
2176,10.212488088511627
2177,11.793726829445015
2178,8.244870430769573
2179,8.718639839437975
2180,4.015478801275743
2181,4.734119342119098
2182,2.7937357422253912
2183,6.046197630021764
2184,4.012967086145178
2185,5.664609870309364
2186,6.171503437640147
2187,11.21398175958032
2188,7.070808036389505
2189,8.532346797014572
2190,11.107477564037529
2191,7.994644986471465
2192,6.9177647803219
2193,10.962212001282861
2194,7.438032919063752
2195,5.159425479187241
2196,8.228226228262688
2197,5.689551386681712
2198,8.948694800152696
2199,7.34900591833972
2200,6.675425550694759
2201,8.246316175944052
2202,7.723655391987857
2203,5.366324403846148
2204,3.808900251512572
2205,5.149022078283394
2206,8.393296152414564
2207,4.572541343562991
2208,8.655755089340634
2209,7.397301082903358
2210,5.39943416328665
2211,4.884271597335196
2212,4.172861608445502
2213,6.899683821683193
2214,4.826461131118115
2215,8.13932795838395
2216,5.498628407535836
2217,7.880635689313362
2218,6.87539339345447
2219,8.990910417772106
2220,7.878374503549156
2221,5.363779285056958
2222,10.596161147032362
2223,8.882082779362198
2224,5.356529517478154
2225,7.778795327599587
2226,8.672353951962853
2227,7.853534626718962
2228,8.2246700190222
2229,9.214856784264052
2230,7.982863348513395
2231,7.762756968607666
2232,5.829092445956371
2233,8.979730061128109
2234,6.010816121535843
2235,9.175535035915656
2236,7.588156640821601
2237,5.929073223500373
2238,9.261915721164971
2239,9.45496721415673
2240,7.207198344624561
2241,7.154413612257078
2242,7.0889206800788545
2243,4.451798407222091
2244,7.137533543561024
2245,7.038218036850186
2246,6.719557152887314
2247,9.948324445417045
2248,7.469584462763163
2249,5.489797452040258
2250,8.026704572406564
2251,10.095631123748305
2252,7.361512734982504
2253,10.945318863819528
2254,6.8748976141630775
2255,9.257903165263954
2256,7.282053809126792
2257,8.095832251834215
2258,7.008039747281832
2259,6.0587634741741425
2260,6.206240254772499
2261,5.492865521513278
2262,9.336457805568662
2263,8.319702379441342
2264,4.624711009626513
2265,6.50453927905401
2266,7.6788695325476795
2267,6.454951731533945
2268,6.312572340048782
2269,7.45884942885855
2270,8.772694385232832
2271,7.563788368873044
2272,5.126132909912552
2273,5.463434343899154
2274,7.835574007982922
2275,6.443769304785115
2276,7.1134557127181
2277,4.816207569259638
2278,5.844192592833708
2279,3.757861216627634
2280,8.347739348546044
2281,6.4415989002572305
2282,6.09170668820921
2283,10.877476202210502
2284,6.623075584318909
2285,5.010744447760684
2286,5.2144026362244125
2287,6.402861945032574
2288,5.227482129933809
2289,10.400260200741526
2290,6.6801110923966975
2291,6.10752529467907
2292,5.83965869960025
2293,7.559546906243201
2294,6.668803607194082
2295,5.828940598287287
2296,5.127309570737649
2297,6.637008928199349
2298,6.031420168702104
2299,7.089204410199696
2300,8.723762851613195
2301,6.870075207136657
2302,8.204316224585215
2303,10.681566728423304
2304,8.106079642874404
2305,8.852770163676993
2306,7.379718237487118
2307,9.274918688634747
2308,10.15613616039556
2309,4.83376533433451
2310,4.129590938496097
2311,6.728779036316333
2312,7.377213798093883
2313,8.016367879344829
2314,5.990130707682964
2315,7.9661651643798645
2316,9.213207306119578
2317,6.283578475968941
2318,7.421602070625657
2319,5.13477923289688
2320,8.071931881023831
2321,8.135533806230901
2322,6.3186068063305365
2323,8.14330927741777
2324,5.646520825824573
2325,7.4809268109581835
2326,6.279152338709506
2327,6.938427947999809
2328,7.263543954777769
2329,7.115077466855392
2330,7.93036210838278
2331,4.474467265987572
2332,10.765299202825467
2333,7.5779352327699785
2334,7.327988113341996
2335,4.884290632867641
2336,8.615829275103124
2337,6.703295342598921
2338,8.148366310965761
2339,5.331718475847208
2340,10.048568162420667
2341,9.703288955210102
2342,6.124001552399862
2343,5.528099292745616
2344,6.302357941056554
2345,9.583716405490838
2346,5.7261854037854265
2347,7.0379229781343735
2348,4.204540466038359
2349,4.480521064573473
2350,7.527170792341204
2351,8.64342470456447
2352,6.4434175360141275
2353,8.275700493597824
2354,6.230074498699575
2355,10.406304407073812
2356,9.233070046726048
2357,8.45533388469889
2358,6.632720527794674
2359,7.94927890574331
2360,5.1369986905897385
2361,7.684273872779861
2362,10.307313232953165
2363,8.41181317812154
2364,7.228309388791289
2365,9.459154593071258
2366,6.613936455853908
2367,7.648806889924458
2368,7.011579773241173
2369,6.006196037356203
2370,7.622832027310746
2371,9.18041030709609
2372,7.9074394416183615
2373,8.546273229850138
2374,6.945755483587798
2375,5.509609068881626
2376,7.058933593502097
2377,5.078255038421306
2378,5.257898766018347
2379,10.116629714772905
2380,8.935794599568883
2381,7.469488731304025
2382,8.905762529425981
2383,6.934785078087202
2384,5.548850373224501
2385,4.527668734243564
2386,7.909315726961093
2387,6.010738190366187
2388,6.809360180652271
2389,9.348302129194748
2390,6.814586816147164
2391,11.146637945240073
2392,5.417286623058313
2393,7.426082633658372
2394,6.601521511094501
2395,8.995264979188983
2396,7.8970504644861785
2397,8.625497434084496
2398,8.647577230022359
2399,7.020259442771654
2400,6.627244038858175
2401,7.188317465550176
2402,5.529236788073914
2403,9.457820744587536
2404,6.3247921337326245
2405,8.40007941159417
2406,10.392873758345816
2407,9.602395667724634
2408,8.057494413568774
2409,3.7198354004774936
2410,10.223167266926264
2411,8.771191422454356
2412,9.04452457220782
2413,4.344031355568918
2414,6.793280121736026
2415,3.3004124440550435
2416,6.991097945219174
2417,5.600980487099807
2418,6.520901173476331
2419,6.060686561527871
2420,8.265081682010658
2421,6.813556007796836
2422,8.049819892624571
2423,7.399822437180943
2424,9.688842799762183
2425,5.704112001853118
2426,9.50742433126744
2427,7.737701883009681
2428,6.774685014186403
2429,9.175266007081683
2430,7.452135429479021
2431,5.981509010281981
2432,7.352257012036082
2433,8.053157949439127
2434,8.11049300181439
2435,6.524530588817636
2436,10.104472775292912
2437,8.416005485334404
2438,3.1734185205947862
2439,8.497353996983566
2440,7.227706706876584
2441,4.355321648504357
2442,5.571552001333059
2443,6.753023441089798
2444,6.685876494685567
2445,8.452082334446766
2446,8.150485504494643
2447,6.9507171714929195
2448,9.222671706888137
2449,7.52125545213804
2450,7.354751038349627
2451,8.538703208354658
2452,8.803143703734746
2453,6.802627317662642
2454,5.675778699396833
2455,7.222464726257195
2456,8.185844514512262
2457,7.250291699828048
2458,7.917014484054014
2459,6.783327810949028
2460,8.523662789988602
2461,7.576739244387621
2462,7.283861686348053
2463,7.914781590922618
2464,4.098117629595877
2465,8.021033831941196
2466,4.388378787702405
2467,8.725837184339692
2468,9.695348538879195
2469,2.9094213502594
2470,7.241551908652865
2471,6.933621618136503
2472,4.562520963909586
2473,7.190599416582979
2474,3.6692088257290756
2475,7.703251606839157
2476,6.891648070423301
2477,9.259780879330439
2478,10.666521713160606
2479,6.940387751038305
2480,9.542120477110872
2481,9.107482425070842
2482,10.371763781377059
2483,5.918493884349177
2484,8.835821476564286
2485,10.249488436064158
2486,4.201542935834875
2487,7.263920858646931
2488,8.572328387148211
2489,7.0050538639909385
2490,8.34027764058312
2491,5.20940802633753
2492,4.270306810342369
2493,5.469409069278005
2494,5.072321082431599
2495,8.521286801582432
2496,10.922071362459858
2497,6.68006031701329
2498,6.662651255573012
2499,5.804429416382367
2500,4.2600947668657
2501,7.541362821997706
2502,7.368140660514459
2503,5.999236237740762
2504,6.2313382828003325
2505,9.368310238613661
2506,7.424149920573132
2507,7.639202122351081
2508,4.696707839213769
2509,7.989521518853852
2510,7.42275008494951
2511,5.989357815661509
2512,8.035545124172815
2513,8.049779454001564
2514,4.808120369939626
2515,5.918955710283419
2516,7.306131577245346
2517,9.956613597290868
2518,6.041937959657364
2519,9.70482786292719
2520,7.317166440219636
2521,6.715808034431752
2522,6.148095361288541
2523,5.227995638025132
2524,8.94072709552451
2525,8.106055599421756
2526,8.714043723929024
2527,6.559200247985268
2528,8.732891307855825
2529,8.14641711729607
2530,3.639795810825443
2531,6.672597693926104
2532,5.206391237654112
2533,5.52289247852432
2534,4.398223428142388
2535,4.023170375415301
2536,8.191111841930372
2537,7.08304294715249
2538,7.742648635817116
2539,6.170688289323661
2540,1.7275281079454663
2541,11.417907092435962
2542,5.148708793351223
2543,8.1948280081086
2544,8.524033635098176
2545,8.161697914338102
2546,7.512201263539173
2547,4.982970739438491
2548,9.835478552050377
2549,7.762553589601542
2550,6.660945740725158
2551,2.108642966790238
2552,8.877992571913566
2553,6.152127794329493
2554,5.869070440425582
2555,8.352185419097681
2556,9.42774407539798
2557,3.8779052703269725
2558,7.096889818786551
2559,7.973373883132253
2560,2.519964575496107
2561,5.160644798375701
2562,5.948491746178089
2563,6.8375562914247245
2564,4.474326606136856
2565,6.67118587481523
2566,6.90480559939074
2567,4.819214421127513
2568,9.826744835431633
2569,6.444784866229684
2570,8.220389962850602
2571,5.597953097541029
2572,5.8513597370097346
2573,4.005565772597445
2574,6.118082592423055
2575,8.992177978983616
2576,8.52569807030336
2577,7.68351896524843
2578,9.753489952189879
2579,5.566438583620542
2580,8.486577429333002
2581,5.939520173242062
2582,5.9968101047860225
2583,10.577994854131834
2584,7.732234763717474
2585,5.291014228725236
2586,7.776315011095658
2587,8.65415317299245
2588,9.472746493339589
2589,7.640807189987723
2590,8.812581521377478
2591,8.32713843736065
2592,5.874812120267103
2593,10.014529578827116
2594,5.52053349258884
2595,7.631091657731892
2596,7.141598367549391
2597,9.836777593522248
2598,9.485517591402322
2599,5.127309570737649
2600,7.272844883283205
2601,6.732473943477582
2602,7.541032043791445
2603,8.164213895199326
2604,3.557105427183092
2605,8.430367458496647
2606,3.5924247132714684
2607,8.327425982378353
2608,8.018424774317712
2609,9.024793456672505
2610,4.987890306697457
2611,7.589699750310381
2612,4.6815325452299446
2613,10.805294723322104
2614,7.7190138438155715
2615,5.368514598944499
2616,5.075377362829707
2617,6.818642939520902
2618,9.862529258950993
2619,7.421107660184057
2620,6.4681162545264685
2621,8.158910567046423
2622,8.77185539376778
2623,4.951092155258505
2624,8.438795811656183
2625,4.0292378245899005
2626,9.408604351170883
2627,11.370369744932912
2628,8.649510470039006
2629,5.851338585717752
2630,8.225687651873464
2631,8.167009459904156
2632,8.769978677758886
2633,8.193723260996192
2634,10.328719014147332
2635,6.809492292235989
2636,7.592846766014274
2637,7.421838424418617
2638,5.137099881766305
2639,8.711438667373992
2640,8.12313530935112
2641,8.857643448621175
2642,6.919865972574952
2643,7.143162303169185
2644,6.707043833885535
2645,4.4065678442837335
2646,8.827170937158161
2647,6.4808299667805676
2648,5.647737318501645
2649,7.403416754882242
2650,3.559123224840907
2651,8.735640290024833
2652,8.92386761294229
2653,9.514175379622944
2654,4.397354527849046
2655,5.389560392071305
2656,6.687396215412639
2657,7.349567283719263
2658,4.392518414580289
2659,7.7230271980544725
2660,8.841096722581307
2661,6.031021935450031
2662,8.930749980887049
2663,10.854759225235107
2664,4.823622488169133
2665,5.214611711442719
2666,7.062603707978107
2667,7.683366466018351
2668,8.056764977726479
2669,9.19720794053246
2670,9.812466738761092
2671,6.203758132341158
2672,7.018105372332739
2673,9.677767404771986
2674,6.778412121380478
2675,10.05969834353879
2676,6.665639255314328
2677,4.067402447959674
2678,8.343777684020582
2679,8.82972032954937
2680,8.945352071795334
2681,6.79489445562974
2682,8.000993855587614
2683,6.371740378172615
2684,6.640553094356929
2685,10.683375453710488
2686,8.019880511299526
2687,6.031021935450031
2688,8.945455474083428
2689,6.491797221666009
2690,8.607905531226445
2691,13.291417884690658
2692,9.566789855095001
2693,6.404195967547648
2694,5.06524987514714
2695,5.012955908460616
2696,7.230159251003842
2697,5.7455953394380055
2698,9.646828512052561
2699,4.506397261867037
2700,6.293373588964276
2701,8.225786018912867
2702,8.96706916942588
2703,9.334637150628232
2704,3.9814226939021164
2705,8.310257053769853
2706,6.126166586604614
2707,10.778882123872876
2708,4.7998857055462
2709,7.792884838772852
2710,5.7059260700545495
2711,9.399005866770949
2712,7.085469272495012
2713,5.1416248553564055
2714,11.279387032518688
2715,2.5704081395851652
2716,5.28389776622751
2717,7.790096183618263
2718,6.8793110777055535
2719,10.979614960957129
2720,7.976588160196067
2721,9.365984743477178
2722,5.6540516174528195
2723,8.91476289734926
2724,6.399779779468557
2725,3.3821027696473753
2726,5.773850472252546
2727,6.428104465798595
2728,8.457477088932912
2729,7.737957248463492
2730,2.9094213502594
2731,9.524391728857175
2732,10.025914932629965
2733,8.003152693982269
2734,7.95482638505101
2735,9.260873847926417
2736,8.180661738576795
2737,6.577791781090414
2738,5.165714265879527
2739,8.03586768723002
2740,7.327838805567912
2741,5.324255244264937
2742,6.171338709435899
2743,6.205745950867022
2744,7.777200119688431
2745,7.279667214508448
2746,4.871376598604164
2747,8.544366385008397
2748,10.794574275958894
2749,5.274563562302916
2750,9.492350355868846
2751,9.893060216939075
2752,7.137590837889777
2753,6.279443493543812
2754,9.007290726100727
2755,7.578682551906716
2756,6.219485323852015
2757,6.578082078836569
2758,10.274695580438012
2759,5.832386432323102
2760,9.06568683611754
2761,7.6679362262577575
2762,4.69877667473652
2763,7.714468311042089
2764,5.951898489885321
2765,6.550516185176096
2766,6.548749825272398
2767,5.9445226145071555
2768,6.982765114784146
2769,5.726226977948971
2770,6.635802800877195
2771,3.640597590349638
2772,4.820865322733497
2773,7.545698920248819
2774,6.217165514603595
2775,4.555333191025083
2776,9.195935404244944
2777,5.463184550765671
2778,4.834605409372403
2779,8.456336030054374
2780,5.772143431603875
2781,4.7028103702782005
2782,6.120743212699798
2783,8.501819690200742
2784,6.606234904279751
2785,6.327081754926599
2786,8.862452228455489
2787,8.644575925364682
2788,7.711680197304366
2789,10.047333830352425
2790,9.612389269356173
2791,6.186673816209037
2792,8.372606147009998
2793,9.341901584788296
2794,5.936974459041894
2795,7.915715983322456
2796,10.395281500165627
2797,9.17548542265665
2798,3.6070192719040706
2799,10.72422234990874
2800,7.397096552688608
2801,8.376442375543157
2802,11.330909767348052
2803,9.100572489417816
2804,5.288298170851889
2805,4.383747857501686
2806,4.7295549596667685
2807,6.685689754330387
2808,8.417114952038995
2809,6.303002275099654
2810,4.604170183783735
2811,8.250147346918753
2812,8.85726822858009
2813,9.628663911969234
2814,8.26429317105658
2815,5.025172715837827
2816,5.415579343704246
2817,4.663760414356486
2818,9.20317198838198
2819,8.121654511491897
2820,6.861884524834107
2821,8.661825595456538
2822,9.172524270933488
2823,8.107370348272163
2824,9.901571982595355
2825,7.184851448906532
2826,5.321653221411661
2827,7.217981033248418
2828,8.477327445951788
2829,5.003645914662731
2830,9.400702689912148
2831,8.23416105189828
2832,8.906107103145418
2833,7.5086646955498635
2834,10.163440392551145
2835,8.433554814915482
2836,6.239076826336318
2837,6.18429241893749
2838,4.930458352880926
2839,9.172451155307744
2840,7.4923138913557565
2841,9.727206975914442
2842,8.588878271503807
2843,7.75974672035779
2844,6.3745130461401445
2845,5.126132909912552
2846,5.343866344963955
2847,5.197111280833424
2848,8.730332506640913
2849,5.048545498090644
2850,6.567583487784881
2851,3.6070192719040706
2852,5.507413607062769
2853,7.304171744414575
2854,10.859847625848952
2855,7.483296238643933
2856,7.947614904006828
2857,9.375860444924209
2858,5.291893329502241
2859,9.69473325757031
2860,8.186109938605021
2861,7.340106912480222
2862,6.675199861530744
2863,7.491361046037681
2864,9.801908752908666
2865,8.848735260984013
2866,8.20600928962492
2867,8.630972721436201
2868,7.0725867595008785
2869,4.369994508758382
2870,8.429264686625638
2871,6.822093307685543
2872,9.64791465184856
2873,5.324404004979551
2874,8.128502793680878
2875,7.613118735447392
2876,5.576529286644904
2877,10.673267917671875
2878,8.836871275225418
2879,2.908959718312556
2880,8.399797016103264
2881,11.511618895546844
2882,5.881978467078654
2883,5.382585464628893
2884,7.567794639296996
2885,2.565162647064619
2886,4.35403422333255
2887,6.837063992580328
2888,8.148274805768855
2889,6.26041790709239
2890,6.136750738481098
2891,9.791472612531175
2892,2.9994145706762194
2893,6.894951672918999
2894,7.5788937756736665
2895,10.436005451404121
2896,4.852196564765629
2897,10.500735178359387
2898,5.8166444796288435
2899,11.08236764868758
2900,6.410001531628676
2901,7.072154734457155
2902,6.067482582323997
2903,7.95292698756844
2904,8.739933726712405
2905,6.41172768551392
2906,7.512301540768488
2907,8.050337465441098
2908,7.27668268259725
2909,6.706510540797098
2910,6.694444912549993
2911,7.164410826030885
2912,5.506407520219017
2913,10.094747054375327
2914,6.309348474083269
2915,5.564189950923714
2916,7.855372915298425
2917,3.949138861597757
2918,6.778102732260576
2919,7.246055268919343
2920,9.62291601532778
2921,8.920154422404103
2922,5.718872111739949
2923,6.4166113092008095
2924,8.788436298119118
2925,7.887062196009825
2926,5.642979188456523
2927,9.830711852720368
2928,1.6219681183552352
2929,9.226301062590935
2930,5.852292581006128
2931,9.349995149424759
2932,7.671648250984456
2933,11.006687017011082
2934,7.454688033146012
2935,8.816204364062227
2936,4.098117629595877
2937,9.078181220310928
2938,7.881657669736366
2939,3.6046680249872285
2940,10.698790769753575
2941,7.6518858142088035
2942,5.434748153766816
2943,6.827479073293099
2944,6.127473690962658
2945,8.504754420591242
2946,9.527930294107993
2947,7.846766099642566
2948,5.440590280841623
2949,6.568832635173406
2950,6.714904387027144
2951,5.756740011707644
2952,9.548879228795753
2953,6.143761722890699
2954,6.487506387534896
2955,9.227785632639737
2956,10.602625546500356
2957,8.81496837572308
2958,10.237096420217547
2959,8.032148187375201
2960,7.354057501427319
2961,9.090531366667376
2962,9.83703154323409
2963,7.885608880721725
2964,6.9259522896908345
2965,7.553329323209801
2966,5.562746111576134
2967,9.732511719091999
2968,3.986026856847056
2969,5.893088966093903
2970,8.764840910112182
2971,5.35622276269691
2972,8.502796246902204
2973,6.779158986964645
2974,5.443201549111431
2975,6.681480755042627
2976,4.331512293818059
2977,8.573182237353631
2978,9.556804033774434
2979,6.552256490768194
2980,8.80940528190073
2981,5.868556621764463
2982,9.852947649262976
2983,6.382337285233769
2984,4.713106820668551
2985,10.347121556952851
2986,7.059624662764891
2987,9.127747825744857
2988,7.271224418252757
2989,8.206297446210392
2990,8.380035649011235
2991,8.900707894491301
2992,6.905180043474437
2993,8.678273174228847
2994,7.721247980999638
2995,10.293642705058863
2996,8.143459931661553
2997,8.908824668606439
2998,8.279478038755792
2999,10.605627607304825
3000,3.8448412338625295
3001,3.544656785839253
3002,6.059880601870138
3003,8.771259003040274
3004,9.53687050100428
3005,8.844845038165502
3006,4.053930486283923
3007,7.842708411376352
3008,4.303795373999154
3009,10.828116781274568
3010,6.369249674310756
3011,5.892228688381577
3012,3.0168131785937504
3013,9.734323244834412
3014,6.7492170297490235
3015,8.810880130055171
3016,6.567487086412338
3017,8.060948652871541
3018,6.931961155866791
3019,5.791215995494174
3020,7.484082026767425
3021,9.440315361879334
3022,6.4460062316628
3023,3.6417207806782037
3024,8.018506002460574
3025,8.376133275385854
3026,9.11788348533321
3027,5.58623815988138
3028,5.970616412404726
3029,7.6756173419163884
3030,7.133915111724405
3031,5.570043139744019
3032,7.393334557437066
3033,8.221274305238332
3034,9.168170842646154
3035,8.412008492050314
3036,7.554109750077354
3037,8.004825337325098
3038,7.246951728625512
3039,10.629281420302995
3040,8.963986438471302
3041,7.953864825502749
3042,6.809375901664532
3043,8.556417355837562
3044,6.464876462009193
3045,6.556664651740582
3046,5.269945576703776
3047,10.733734457770018
3048,7.765435932149044
3049,8.690243180683423
3050,6.777337868807155
3051,7.962645632386707
3052,6.771356428290453
3053,7.941694483773733
3054,4.602488839956766
3055,10.78921219403032
3056,8.86460445015911
3057,10.24827541090057
3058,4.560555502387208
3059,9.428414610938907
3060,5.6045976933788815
3061,5.486328582228021
3062,5.904194624706153
3063,5.0346069107609415
3064,9.393075350690307
3065,7.10322850903139
3066,6.3199421081970275
3067,6.026737560752399
3068,5.357114537887367
3069,6.722295029821809
3070,7.605749964631934
3071,8.122673173171473
3072,5.75913845573398
3073,8.513058326142435
3074,1.7275281079454663
3075,9.076693583111508
3076,6.211086805430312
3077,7.744192037282568
3078,5.285733112644142
3079,9.943147464809975
3080,5.440485460062348
3081,9.621144679490207
3082,5.752328526369795
3083,7.088927693161781
3084,7.3890154453791785
3085,4.695044954119606
3086,5.80892606266125
3087,5.5060197302899345
3088,4.200814707461595
3089,11.429525549453988
3090,8.105673600689066
3091,9.007982819116163
3092,8.580192851187991
3093,5.076055317571482
3094,8.066119949125179
3095,7.644297036404696
3096,8.20214997656557
3097,8.090779243256419
3098,7.340210714499517
3099,4.496122095341606
3100,8.23219093992085
3101,7.312652955418129
3102,8.853477664140804
3103,6.391128786827756
3104,8.503889228761768
3105,9.00867224043518
3106,6.743496121326845
3107,4.35585807191705
3108,9.284199699760471
3109,7.535171488396491
3110,8.324052321069495
3111,7.0568915345847
3112,5.840705308894891
3113,6.290539587640754
3114,8.194111658537002
3115,7.14735784426308
3116,7.644833230587131
3117,7.329056772246417
3118,4.936023378274115
3119,8.913434916441172
3120,4.2978112983873755
3121,8.106817323272448
3122,9.81515461530024
3123,3.4189523599934675
3124,9.071262726260658
3125,4.327973554488186
3126,8.965507967782296
3127,10.07065232856829
3128,5.874555276564923
3129,5.09507751318378
3130,7.45530185893726
3131,5.2438058734989434
3132,4.205093366719382
3133,7.436158999587156
3134,12.095103398780171
3135,5.432494031740675
3136,8.303239880602018
3137,6.0796244547887195
3138,9.660642585026572
3139,8.353125734132815
3140,7.881442954743632
3141,8.085568738826685
3142,5.801064086023811
3143,8.599519535714625
3144,7.7935471281679565
3145,7.352698975928155
3146,8.335602116631135
3147,8.661668014246226
3148,7.602967935044346
3149,7.02079125380601
3150,11.328301838668201
3151,7.2708703510798145
3152,5.828840001425355
3153,4.017217798641567
3154,4.5241464346609686
3155,5.127309570737649
3156,6.761765596853313
3157,4.520599836804785
3158,7.902363884505199
3159,4.849676796617419
3160,7.8578851892036665
3161,7.472213739591228
3162,8.093415798453774
3163,3.918580984754879
3164,7.759639441878787
3165,6.982820721935876
3166,7.397447799807633
3167,8.666450153560145
3168,5.729063038194213
3169,7.458519200605337
3170,7.212430719094879
3171,11.022450008702224
3172,5.978927247341595
3173,5.206173724593143
3174,6.516991062802051
3175,6.692821770045326
3176,3.8951594115956
3177,6.781364639170101
3178,7.159188801907595
3179,6.69237962865135
3180,9.130169230986343
3181,5.717419534859881
3182,7.690835241467519
3183,9.756132647779118
3184,5.951739629940014
3185,7.904616755794158
3186,9.977203073522995
3187,6.76678383220549
3188,7.488106869231094
3189,8.09355134768504
3190,8.124476582684888
3191,6.886751749820706
3192,7.036175272414154
3193,5.359655049558186
3194,8.833449160084514
3195,6.698308561258192
3196,6.387066124891972
3197,9.260086547959592
3198,7.3559211309914305
3199,6.2360845199750345
3200,10.284349586669618
3201,8.013656578554354
3202,8.831787048067786
3203,8.951560994261586
3204,8.196067121067397
3205,7.376764335573169
3206,6.410337633285248
3207,8.896754648341753
3208,6.786914773315716
3209,9.166338570688923
3210,8.8222940046156
3211,8.22686282053148
3212,8.207443060494503
3213,7.916518539885724
3214,5.6835822475694
3215,6.282113118737338
3216,6.669733374483356
3217,9.855108628639707
3218,9.57669908750009
3219,7.463794562597592
3220,5.316484669792754
3221,2.8177122971280766
3222,8.201179969767814
3223,5.3386165639138214
3224,6.46231776667532
3225,5.440590280841623
3226,5.563605207849812
3227,6.91076005257606
3228,8.096436837660852
3229,6.490179506499138
3230,8.474703443418308
3231,7.900302135984769
3232,0.144019229766912
3233,8.106512279851161
3234,4.004077629521123
3235,5.434361669165146
3236,8.62558278452349
3237,6.129832202269673
3238,8.405583100290572
3239,2.7970270732167744
3240,7.345028040049569
3241,10.514901508650038
3242,7.530752930704141
3243,4.399439537685976
3244,11.65016481879572
3245,8.334516073558179
3246,7.648917451905392
3247,7.400103432787971
3248,7.767865304226118
3249,6.101681121871629
3250,6.123680928869803
3251,5.992991314965958
3252,10.672474960581926
3253,6.160650347769587
3254,7.065259304392082
3255,9.888783247848993
3256,5.647446527354623
3257,4.460206041922133
3258,6.6421796999158635
3259,6.713897634698685
3260,5.366225214528075
3261,6.4928071758967425
3262,8.711780089346806
3263,8.532196755779982
3264,6.972766931061092
3265,7.298632984294245
3266,8.865711155777504
3267,5.417471141177248
3268,9.519573616567
3269,7.349911421771156
3270,4.852651861397891
3271,7.768351297330648
3272,6.71509328708699
3273,7.795587607948686
3274,6.035853615130975
3275,6.775799201247346
3276,2.394266245823689
3277,7.224629576848796
3278,8.015984409632386
3279,7.314740326690695
3280,2.3727583988392538
3281,9.205132264468102
3282,8.21472410108217
3283,4.741555616029651
3284,7.246751067252237
3285,8.365643437925717
3286,6.480539967488613
3287,9.118334962576828
3288,7.646947602447656
3289,3.298220530437836
3290,7.52973736484698
3291,5.337540911998889
3292,6.031021935450031
3293,11.185951657445512
3294,4.5368079942229675
3295,5.756739559286531
3296,6.9620720950652695
3297,8.393367608457389
3298,5.881088344784737
3299,10.514164581859006
3300,7.393374532524125
3301,7.144422655959889
3302,7.980040108346807
3303,8.216204913581404
3304,7.622120419234724
3305,10.490853969404707
3306,8.42676909112374
3307,3.1185389746893404
3308,8.286221043413361
3309,3.264162731486848
3310,6.26041790709239
3311,8.174039688837267
3312,1.8752049115745302
3313,8.37086888255323
3314,8.20667179672673
3315,5.168349144642013
3316,4.40255816996229
3317,7.750322531472652
3318,8.878544488998617
3319,6.948695903438222
3320,4.726331269625748
3321,9.065823300172333
3322,9.967671929090457
3323,8.03617231312397
3324,5.116144589803407
3325,5.4125678042337935
3326,8.84827266322744
3327,5.140859352906198
3328,7.49574264609075
3329,7.7043843692099845
3330,4.982511087476735
3331,8.289218286216743
3332,7.714458771618374
3333,9.12804160401594
3334,6.362622997868088
3335,5.845600709754189
3336,9.471230914736045
3337,6.1739527102543565
3338,7.329709474989947
3339,3.7422566250303313
3340,7.229980500086142
3341,7.439174604432363
3342,8.669191929897917
3343,10.1335899263591
3344,8.067352426604577
3345,12.185795368984483
3346,6.822673115087104
3347,5.93758397982859
3348,6.428169874289833
3349,6.820971940718548
3350,7.089782456562431
3351,5.1795059025832115
3352,7.593326668471753
3353,7.390800497340515
3354,8.285994872613257
3355,5.598097040765372
3356,9.402943983528093
3357,5.050298999712367
3358,5.311056382607381
3359,4.03226686488249
3360,5.982357016972089
3361,7.105103742952979
3362,1.3239879341828527
3363,9.027001125345965
3364,9.57437562455908
3365,4.610407039061256
3366,8.670529698407247
3367,8.628448949934118
3368,6.464750202448998
3369,8.735923419785367
3370,4.3093732049092965
3371,7.50462202796979
3372,7.496806965447884
3373,8.04051464632247
3374,9.891813849754744
3375,8.568075871210464
3376,10.775392849267222
3377,8.940263403259022
3378,6.802242595653009
3379,8.6015081969995
3380,8.598767602651382
3381,8.837378909958673
3382,10.179631080896796
3383,9.25557191184293
3384,8.075394374865889
3385,6.196999099420868
3386,6.594104179734093
3387,7.432201897344182
3388,4.4089824061963645
3389,8.79523051741249
3390,7.6761389684387895
3391,7.956029202273632
3392,7.6243890883428005
3393,7.917319218461944
3394,9.597190102544559
3395,6.223115809449379
3396,7.006666570431872
3397,6.412688751848486
3398,8.193336266160301
3399,6.377068662694562
3400,7.089754108451566
3401,8.197080189344081
3402,8.32128840836125
3403,8.25129462130275
3404,7.323760470353536
3405,7.8049271993827745
3406,7.606493298274027
3407,9.496527690232947
3408,12.222709790513324
3409,7.605529604523939
3410,6.948731463935522
3411,9.602280035873955
3412,8.557830674235671
3413,9.006571236943996
3414,9.319826401892355
3415,4.835897813991159
3416,9.261175953278922
3417,8.048641307510009
3418,9.958768826505985
3419,6.401529729423318
3420,7.235618831606566
3421,9.46771163973615
3422,9.645824681963957
3423,7.200840141229066
3424,4.400604010995403
3425,5.1305049624880015
3426,7.497233671313592
3427,2.7748773202344506
3428,8.733245972288403
3429,3.03178901880392
3430,7.430567950060189
3431,8.206392733611013
3432,7.322078637218905
3433,7.065258636746871
3434,7.461266607834298
3435,6.557179398897317
3436,6.669424631510756
3437,7.698939985951836
3438,8.77008812087048
3439,5.860940465064154
3440,4.357115196736719
3441,8.75567222082386
3442,6.9729985715822655
3443,7.635547371368555
3444,9.257830276699016
3445,6.451634228874337
3446,7.158830935905888
3447,4.234131552993482
3448,8.915149686154926
3449,5.54324419226682
3450,8.593937139036276
3451,4.85085796131023
3452,3.904020730564549
3453,4.2168449355312045
3454,6.244122500335818
3455,7.643523943149533
3456,9.02395487975418
3457,9.002637559822347
3458,8.346573917825479
3459,6.951917184607715
3460,7.166810635842594
3461,2.7550357934153316
3462,7.8466338691128525
3463,7.5985344504539345
3464,5.323430079013749
3465,4.700432965640406
3466,7.2552714706640895
3467,6.26433991661766
3468,8.825555072614678
3469,10.949575437417575
3470,7.797513730976152
3471,7.2303788213688875
3472,9.555948924203037
3473,4.0742590767209395
3474,2.6332487132105173
3475,6.164183455860248
3476,6.204252276983425
3477,5.938452139287088
3478,8.485194456595986
3479,7.00920502698269
3480,8.066348482671048
3481,8.278545822809477
3482,5.176333209052918
3483,8.474064087013309
3484,7.47973721940309
3485,6.998574959433923
3486,9.628012125527427
3487,7.25530716958108
3488,6.517504023538444
3489,7.273493608272308
3490,6.3479583561801425
3491,5.182137555258462
3492,8.558081294501733
3493,9.733400189557278
3494,4.864891730442198
3495,6.4958629123303195
3496,7.699720496571962
3497,7.0039939032781025
3498,8.82842938559926
3499,8.175061750819143
3500,8.054977449597342
3501,6.584694354350442
3502,10.70333155097611
3503,9.206661777533359
3504,7.378244080672208
3505,6.749403102633372
3506,4.3480906243305295
3507,4.096331290938441
3508,7.2672767007592
3509,4.4631297567143395
3510,6.050704329613695
3511,10.057817868602054
3512,6.690577936773013
3513,4.564939838470087
3514,4.1785746291304555
3515,6.380771431600059
3516,3.2259847662184913
3517,7.364397945763854
3518,9.271442257168935
3519,5.317459268443662
3520,8.456776823611296
3521,4.777312538795703
3522,9.49800143571425
3523,6.801072856442828
3524,8.048964014622735
3525,6.872686834157002
3526,6.1559089944922
3527,5.73090244678145
3528,5.140934487652554
3529,7.28177935089402
3530,7.330274348903662
3531,6.267347134634278
3532,4.413355397929393
3533,9.78021478886648
3534,5.958473209531356
3535,6.183153887123334
3536,5.069033870645247
3537,9.338794050201694
3538,5.576866760776622
3539,5.047194021404237
3540,10.247649430240077
3541,3.6500149836284095
3542,9.211216243312446
3543,4.510335733848332
3544,7.946046326081126
3545,9.882037225405623
3546,8.806614701469432
3547,12.348425380969765
3548,10.682826803162428
3549,4.5542684575300685
3550,9.358252108702516
3551,6.691642938921319
3552,8.812258281949438
3553,8.050768789312379
3554,6.760696165540521
3555,8.517530280732192
3556,9.367675715875642
3557,5.11974446865337
3558,9.413169478274405
3559,9.025104513929795
3560,5.301122230649187
3561,9.637656640591958
3562,8.450228617294382
3563,7.627292115655835
3564,11.618310669142096
3565,3.8377950959429197
3566,5.850600236600024
3567,7.489922745371071
3568,8.133133912079405
3569,8.977782249667618
3570,5.654980602753352
3571,7.493493559801973
3572,7.499428258196905
3573,9.853704066275963
3574,8.217605004949961
3575,8.575133738180519
3576,5.241779263470483
3577,6.628353477066687
3578,7.865404011971295
3579,5.947509217420044
3580,8.435783051551853
3581,6.730019713204581
3582,5.160738879606563
3583,9.073551697532087
3584,5.535766744317593
3585,8.616670395961464
3586,7.052836736509511
3587,6.623075584318909
3588,6.557457467031611
3589,6.5396860538049335
3590,3.919681399276721
3591,8.564963232643187
3592,4.5286648555094935
3593,10.6448151644653
3594,4.004077629521123
3595,5.297725499745825
3596,4.494973564880455
3597,7.62806769877129
3598,8.052506660411934
3599,7.463536865759735
3600,3.992228872141606
3601,3.7427829381240927
3602,6.920032755092133
3603,7.650077902063038
3604,8.408815543591782
3605,8.781434155455631
3606,10.001644383213476
3607,4.957406277930493
3608,11.011289628768116
3609,6.768925919842799
3610,1.8752049115745302
3611,9.947379483988627
3612,7.370879785092954
3613,8.056079680789846
3614,7.926992249222161
3615,3.918977561853123
3616,5.3226406670333
3617,7.656406276970599
3618,9.110336500655396
3619,7.912074906157705
3620,6.598472515924687
3621,9.693789972332258
3622,3.998691721846953
3623,7.003093886649379
3624,8.451967052552325
3625,7.396307541456767
3626,6.605288055376744
3627,9.387925246994262
3628,7.216866506665865
3629,7.547739907483275
3630,8.405965861598172
3631,7.274857393980644
3632,6.240113882097423
3633,10.587297957476883
3634,5.549873893163326
3635,9.477436305676399
3636,10.7353190852835
3637,4.7509210773965505
3638,1.4887111914532936
3639,6.936360301775648
3640,5.032670697881745
3641,8.018449569325488
3642,4.66442829560584
3643,4.658088293316283
3644,6.623687612326737
3645,7.392141518013674
3646,9.94191145280671
3647,6.461642464737998
3648,10.706230296064197
3649,9.535148940863497
3650,7.642586949452512
3651,8.50309701693936
3652,11.947440726154305
3653,7.693964187271647
3654,8.41599483747359
3655,11.946339951315046
3656,11.732942948979042
3657,4.717261454010753
3658,8.312324429611262
3659,3.7631130578895102
3660,9.088567076093343
3661,5.4287486724295695
3662,8.2001403722058
3663,5.438996256515575
3664,7.543766022107321
3665,9.171510377312401
3666,8.66712062101596
3667,7.264438445585341
3668,7.304791924939679
3669,5.146958679066481
3670,4.98614481570855
3671,5.772567611312738
3672,5.232615166917762
3673,4.792861156771505
3674,7.3189283902450475
3675,7.1013740943881976
3676,7.661493152361553
3677,8.772123186928635
3678,5.137158192426197
3679,7.08521948990192
3680,7.3155495867489515
3681,10.548903295191824
3682,8.695894378831579
3683,10.228100166361328
3684,6.4928320080436555
3685,5.309662557088115
3686,7.709342607833424
3687,4.890647708999526
3688,7.390732340196469
3689,7.79714725484281
3690,5.68147642004666
3691,8.779986124834993
3692,10.01190456460067
3693,10.597909564442084
3694,12.931234827125955
3695,9.470925919330936
3696,7.5478698632712575
3697,7.608514665045205
3698,7.157917435254326
3699,7.8990245079514
3700,7.264527801298751
3701,5.696739349908739
3702,10.173032596405147
3703,5.905820639251707
3704,7.235015143953071
3705,8.696901888190897
3706,3.3992203858314904
3707,9.846573440673275
3708,4.72278325233604
3709,5.137866545590479
3710,7.237311858022088
3711,4.932341896468147
3712,6.290581881034582
3713,10.240506833971192
3714,7.877376880549496
3715,5.052435454572252
3716,7.018769723022704
3717,10.097169426705937
3718,7.675846330808394
3719,9.659629145994298
3720,8.465683093248888
3721,6.257298421061957
3722,6.535440032614104
3723,8.855839308632893
3724,6.725386271752818
3725,4.744534996675882
3726,8.480986948434554
3727,5.45608318487258
3728,7.8069712481789155
3729,4.793597293496828
3730,8.489128303564005
3731,12.221174394553035
3732,7.316106186457755
3733,7.04649479512466
3734,7.270008047306775
3735,6.561000349446865
3736,8.206292737140139
3737,8.899587091904076
3738,4.6775119274865125
3739,10.01579854433372
3740,7.918867096727626
3741,8.128029257992257
3742,8.385833798886475
3743,7.017593237994577
3744,6.541718037544232
3745,8.626782583146419
3746,2.774374201931544
3747,3.859203293478299
3748,6.257383062909551
3749,4.913148481939202
3750,9.11467230885508
3751,9.016645523801385
3752,5.126859570944705
3753,6.047264958691365
3754,4.451744961850443
3755,9.727774103178156
3756,8.277694479095887
3757,8.20906590309096
3758,6.860895308268441
3759,4.975873356176011
3760,5.813509883236024
3761,6.261533193135771
3762,6.955457675096638
3763,2.7550357934153316
3764,5.602845252095963
3765,5.649151805466599
3766,9.900202357339577
3767,6.722961045502225
3768,9.236787624908922
3769,8.36813021747853
3770,8.85380230105186
3771,10.898948202638206
3772,7.498895769158152
3773,5.829092445956371
3774,6.217530812950994
3775,9.841517897215
3776,5.269069555626752
3777,11.014108363225972
3778,3.7689590689811574
3779,4.413355397929393
3780,5.434226361053347
3781,3.1283361077672422
3782,9.636309270981293
3783,2.7029874975027286
3784,8.88183646765583
3785,7.329200968670981
3786,5.241779263470483
3787,8.108534328207739
3788,8.822388145080485
3789,1.9608435117014604
3790,7.5379891302091355
3791,6.3345526967811665
3792,8.608537859715248
3793,7.9946670403334155
3794,8.779352132727764
3795,6.80657832538295
3796,6.622854971169082
3797,7.84463266768642
3798,6.30788181071222
3799,7.349065649778756
3800,9.252773228149278
3801,7.456242935782537
3802,10.187201605825916
3803,5.470062262076027
3804,5.774866634234294
3805,8.914934598518908
3806,8.077764948059283
3807,8.145381774203571
3808,7.720270530696045
3809,8.536961629991184
3810,6.088897715088284
3811,8.28874282901189
3812,6.741743119817975
3813,10.834369134529647
3814,5.850368578957184
3815,6.279152338709506
3816,4.184669993241004
3817,5.763873218063561
3818,8.534026977513621
3819,6.589900773451851
3820,9.5598899699025
3821,8.80618096653573
3822,6.427999288168656
3823,9.781916200807922
3824,8.061536900202022
3825,8.22356574689764
3826,8.933022340450641
3827,7.168577550877352
3828,7.96783695435384
3829,2.838162068141103
3830,5.328123401711821
3831,8.33778194293382
3832,10.292279573811568
3833,5.901098124310606
3834,7.672769766848046
3835,8.613840644429764
3836,10.537124120297367
3837,7.739348677049958
3838,8.441266973602687
3839,4.915964714476486
3840,6.805175481274466
3841,8.263547183055122
3842,9.628442200323116
3843,9.182327850288454
3844,10.734203829017716
3845,7.320016380956422
3846,6.754531147606759
3847,10.519291171284882
3848,9.187666209271475
3849,4.035738856270566
3850,11.308397161323636
3851,6.885156243616292
3852,11.570875378094758
3853,7.032324787867009
3854,9.513231837389364
3855,10.314146375937131
3856,6.894194675029376
3857,9.38219855278292
3858,7.07601402012373
3859,10.2318360370078
3860,9.908396056470194
3861,8.859724069716085
3862,8.25203277460899
3863,6.537109825582962
3864,4.2978112983873755
3865,5.62417172156947
3866,6.62276605743619
3867,6.210314922717621
3868,8.5589587991811
3869,6.734635231521609
3870,6.733238385234951
3871,6.873609625815586
3872,6.633262895514311
3873,6.412447017267675
3874,4.778212291012886
3875,5.85676253191714
3876,9.360784393084337
3877,8.29904403676477
3878,7.34675233431279
3879,6.633272350803824
3880,8.83783546055293
3881,6.835957220125535
3882,5.21642849385602
3883,10.293642705058863
3884,10.84186786098618
3885,5.879423039341563
3886,9.047468080631528
3887,8.025165716034698
3888,9.178706179084454
3889,9.567311511391932
3890,9.575632369789453
3891,9.327380759673039
3892,10.39572590263432
3893,10.14129792569206
3894,8.443505230131397
3895,8.177054614742476
3896,6.922159577575123
3897,8.354064398849882
3898,5.6202148908550695
3899,7.211755672868081
3900,2.6353675289042857
3901,7.3559038704122965
3902,9.56599997754736
3903,6.759721207101312
3904,6.630269004912294
3905,8.411459182198438
3906,7.092654566470406
3907,7.470122078339677
3908,8.001705384922504
3909,9.385366813246701
3910,5.6364838745663635
3911,10.119959691856156
3912,7.488643137283895
3913,7.5335315474793685
3914,8.218264755206965
3915,7.774858859780156
3916,7.720608250341649
3917,4.3044074150869545
3918,10.199312339789117
3919,2.475038014769861
3920,8.852638151191208
3921,7.427831055123481
3922,6.105283204996752
3923,9.399986805247316
3924,7.0981650769196385
3925,8.628905028352541
3926,4.213223992275179
3927,8.724612202046094
3928,6.167040187150219
3929,11.18098174093328
3930,7.540626052593201
3931,2.7459769555958657
3932,4.091453517732315
3933,8.054687829431728
3934,4.908750256748108
3935,7.797106606757287
3936,9.050819403561567
3937,6.057816518081682
3938,7.609547159917826
3939,4.082661272775077
3940,7.842240203153595
3941,7.850006997348591
3942,9.209939553245139
3943,7.357811922545753
3944,10.313482029227355
3945,8.057388373845255
3946,6.179602038312125
3947,11.046396925993383
3948,8.690987956441377
3949,5.415372325784569
3950,6.870952188461495
3951,5.127309570737649
3952,4.719773177511237
3953,8.810075337772258
3954,5.794458548429831
3955,5.8681477979656975
3956,4.595504562549194
3957,7.220090904779813
3958,5.019954185469818
3959,9.582420811967495
3960,9.77432562565932
3961,7.25416895409535
3962,8.358507164601857
3963,6.655288099316465
3964,9.710247275808488
3965,5.8048729298490604
3966,5.85289014103434
3967,8.453645215001933
3968,4.716902949434637
3969,7.754096063009317
3970,8.444035620117615
3971,7.651884524837151
3972,8.134725613877398
3973,7.465709863511144
3974,9.824526975151162
3975,7.767080931842728
3976,10.17752304860642
3977,7.244496458709642
3978,8.153221587171963
3979,5.882540313697925
3980,5.3101299649218365
3981,3.876649293354719
3982,4.660856736820509
3983,8.949386486420478
3984,5.995037328142238
3985,7.161141310165353
3986,7.825036710832282
3987,6.413211320583209
3988,7.333386213053487
3989,8.450975774723318
3990,2.4234485639010646
3991,8.41792169945884
3992,9.788501450579542
3993,4.794085962107755
3994,5.998887572891014
3995,7.981493197590573
3996,6.138489467876902
3997,8.050182967664174
3998,10.062075332107531
3999,7.197673304949864
